SA2_code,income_security
101021007,0.15082028608873
101021008,0.171611586601079
101021009,0.169670654172822
101021010,0.178448248820077
101021011,0.202762588457237
101021012,0.210377596671124
101031013,0.123173946846615
101031014,0.156656068790411
101031015,0.139633046386529
101031016,0.14417421927167
101041017,0.136507586292169
101041018,0.144334734289608
101041019,0.145159006137127
101041020,0.131022106101908
101041021,0.1643710418553
101041022,0
101041023,0.133185207662153
101041024,0.136358312505419
101041025,0.145228431684134
101041026,0.152103868301388
101041027,0.138619191929928
101051539,0.160180140499724
101051540,0.139444625893502
101061541,0.166620942261221
101061542,0.17963305018638
101061543,0.140092676971015
101061544,0.115769058477501
102011028,0.19189925615335
102011029,0.179766793744311
102011030,0.153501456832361
102011031,0.179915119570647
102011032,0.173163010081769
102011033,0.170526463838888
102011034,0.16853151408331
102011035,0.165885268252577
102011036,0.172987104099836
102011037,0.183808145181213
102011038,0.17578146919555
102011039,0.191037729159333
102011040,0.160403414161997
102011041,0.189121211590092
102011042,0.163213277618691
102011043,0.161075220114806
102021044,0.15579874155391
102021045,0.141948554871318
102021046,0.151608983669031
102021047,0.163180961635021
102021048,0.147205202782612
102021049,0.182470414649336
102021050,0.149236692994434
102021051,0.179928752887573
102021052,0.149005047884796
102021053,0.156063015405697
102021054,0.154452381202286
102021055,0.168181518100124
102021056,0.169011628301845
102021057,0.149693206770179
103011058,0.163887378590651
103011059,0.167277059815318
103011060,0.158056681718537
103011061,0.142782312359369
103021062,0.120886484474933
103021063,0.14241937179855
103021064,0.116804574434702
103021065,0.138249667468929
103021066,0.10735229921199
103021067,0.177331684126
103021068,0.113420364157262
103021069,0.131866490896521
103031070,0.167178824408944
103031071,0.161525056094709
103031072,0.177671349579791
103031073,0.14212173708082
103031074,0.152508153995785
103031075,0
103041076,0.154147401827364
103041077,0.164891248609092
103041078,0.181375858437362
103041079,0.162213669952449
104011080,0.148525292515907
104011081,0.140717634708936
104011082,0.142830168702743
104021083,0.157774192555501
104021084,0.149370938951183
104021085,0.1470724335493
104021086,0.141944890793384
104021087,0.113601545619822
104021088,0.173739754136941
104021089,0.153752547507856
104021090,0.149228654519249
104021091,0.142220628297288
105011092,0.14997629338547
105011093,0.182380267715427
105011094,0.114990103294185
105011095,0.142351206590645
105011096,0.122531951514945
105021097,0.171922747319334
105021098,0.0982920845548757
105031099,0.124139265849381
105031100,0.161066820380149
105031101,0.165454767773885
105031102,0.162289502832697
105031103,0.156123957062573
105031104,0.110450450491293
105031105,0.133828257424044
105031106,0.135636469911216
106011107,0.183504295229196
106011108,0.153681189265016
106011109,0.165449386537259
106011110,0.158627520680589
106011111,0.151810299253323
106011112,0.185811152883066
106011113,0.181315474759264
106021114,0.173699315156227
106021115,0.175494350910992
106021116,0.200221222694705
106021117,0.166615609784322
106021118,0.178480612022176
106031119,0.162402970688796
106031120,0.152015030320716
106031121,0.159203515940706
106031122,0.149819262028097
106031123,0.183768127583184
106031124,0.148221453260782
106031125,0.168911271407674
106041126,0.187679106377532
106041127,0.162894237976163
106041128,0.172725085236667
106041129,0.139744743008572
107011131,0.15850461191212
107011132,0.175697414896992
107011133,0
107011134,0.181541065117996
107011545,0.143014799654863
107011546,0.150100026402986
107011547,0.16474429140117
107021135,0
107031136,0.167115886638774
107031137,0.146943112416905
107031138,0.186749169973691
107031139,0.192196919206749
107031140,0.186232883454301
107031141,0.179788739095835
107031142,0.155486397788795
107031143,0.147994046575119
107041144,0.179260030129064
107041145,0.174150733482245
107041146,0.18533268394621
107041147,0.192716388750059
107041148,0.210694638462846
107041150,0.196003929610457
107041548,0.185069313905261
107041549,0.173510966640884
108011151,0.145461676962758
108011152,0.145440970035818
108011153,0.141465225406618
108011154,0.129576213732002
108021155,0.140980615822601
108021156,0.138303268533862
108021157,0.145657627571441
108021158,0.133287940691828
108021159,0.1367978145073
108021160,0.147809509469585
108031161,0.145101885011038
108041162,0.150836013866373
108041163,0.169620600102763
108041164,0.155329147943046
108041165,0.135923424748927
108041166,0.151046044577439
108051167,0.143434942372012
108051168,0.160149618421169
108051169,0.143076882395749
108051170,0.138033904693458
108051171,0.138530215529307
109011172,0.171088602281353
109011173,0.157006113910376
109011174,0.182013625504756
109011175,0.139253452937398
109011176,0.140285989546848
109021177,0.126799638300408
109021178,0.150023846685439
109021179,0.109656938613793
109031180,0.138972810072602
109031181,0.129000180544302
109031182,0.152424171720668
109031183,0.111890096583623
109031184,0.159557604128971
109031185,0.134668979413964
110011186,0.156155387170614
110011187,0.109949263837131
110011188,0.142224242071955
110011189,0.107176820350965
110021190,0.1287596414019
110021191,0.150396271769173
110021192,0.107829884865976
110021193,0.110457462305422
110021194,0.11958578828959
110031195,0.16434840702578
110031196,0.111444530771668
110031197,0.163846863368107
110031198,0.129693252190815
110041199,0.172832072767159
110041200,0.137104115843013
110041201,0.136196047681815
110041202,0.160133427281825
110041203,0.176755635827835
110041204,0.143977829570354
110041205,0.148104759617437
111011206,0.172601018430108
111011207,0.156244316335201
111011208,0.179503440642527
111011209,0.174948088020326
111011210,0.152356290103178
111011211,0.191306319442909
111011212,0.171597869522503
111011213,0.197422345016215
111011214,0.178306286020642
111021215,0.156788390069476
111021216,0.167818591175959
111021217,0.172963726922372
111021218,0.162799989582477
111021219,0.169314811492813
111021220,0.176257385804817
111021221,0.158893909983256
111031222,0.188449460798792
111031223,0.141040057312818
111031224,0.189810774983353
111031225,0.193606112504747
111031226,0.172510294225018
111031227,0.172484751391565
111031228,0.211326754870674
111031229,0.21736549117199
111031230,0
111031231,0.130817973798608
111031232,0.18941112345246
111031233,0.169616141876137
111031234,0.168546137669559
111031235,0.187873133454418
112011236,0.147692916028129
112011237,0.161371686611751
112011238,0.156889506599905
112011239,0.144804502844656
112011240,0.153281267193409
112011241,0.142241529040547
112011242,0.174032601736707
112011243,0.136380100005609
112021244,0.135572704704308
112021245,0.124803201577683
112021246,0.153874837246178
112021247,0.134487974648419
112021248,0.14029867474339
112021249,0.150767185877101
112031250,0.167181476479916
112031251,0.139476159993325
112031252,0.142562113361637
112031253,0.152427311836376
112031254,0.145823702402369
112031550,0.147039034234226
112031551,0.165626760338723
112031552,0.128127487750362
113011256,0.151437141547588
113011257,0.124542153782741
113011258,0.154969831861274
113011259,0.131491668683978
113021260,0.126829949235847
113021261,0.159952690239904
113021262,0.146462412496742
113031263,0.146216868332937
113031264,0.115269262731379
113031265,0.144788917847274
113031266,0.131162651744505
113031267,0.170246803728292
113031268,0.157491661912419
113031269,0.162297941059185
113031270,0.157751213354909
113031271,0.141974039727652
114011272,0.172013495756189
114011273,0.162743131688444
114011274,0.142704457450812
114011275,0.0130523159185331
114011276,0.1884677251871
114011277,0.160942072456127
114011278,0.156651827901556
114011279,0.142464963091998
114011280,0.142354288669762
114011281,0.165592150909244
114011282,0.142447106493177
114011283,0.138386002174071
114021284,0.190140304416609
114021285,0.156582640395224
114021286,0.163761029176151
114021287,0.15425959992262
114021288,0.164918098212248
114021289,0.169656506096031
115011290,0.207830081813847
115011291,0.209975427859396
115011294,0.215038872612332
115011296,0.225967853206268
115011553,0.211236635477534
115011554,0.216170428833774
115011555,0.212418571298901
115011556,0.211324438334831
115011557,0.228936428461827
115011558,0.217863723457382
115011559,0.208006579850474
115021297,0.192730702470646
115021298,0.190116754908056
115031299,0.169711204099157
115031300,0.174548359078353
115041301,0.176236321854228
115041302,0.205169195720186
116011303,0.163783903354356
116011304,0.159792690347681
116011306,0.167774795123309
116011307,0.180515554460865
116011308,0.170567814880537
116011560,0.15919297369521
116011561,0.157719353096021
116021309,0.198588585296695
116021310,0.210385827550617
116021312,0.180604107132724
116021562,0.197877048168702
116021563,0.182465250130062
116031313,0.13191037808315
116031314,0.158577202764232
116031315,0.155334213283537
116031316,0.150286066886478
116031317,0.139608071139575
116031318,0.317156351359041
116031319,0.158472704737957
117011320,0
117011321,0.18993738000062
117011322,0.178253180125971
117011323,0.17135074870843
117011324,0
117011325,0
117021326,0.189583194397315
117021327,0.208311538545391
117021328,0.198813605369417
117031329,0.22657563717716
117031330,0.230497011169369
117031331,0.219270924079569
117031332,0.203899800875064
117031333,0.217317712559832
117031334,0.201848761391597
117031335,0.202723347533764
117031336,0.222080400398597
117031337,0.168774399677798
117031338,0.21133513397492
118011339,0.222269201976632
118011340,0.223415395658797
118011341,0.222519593819556
118011342,0
118011343,0.243721513569945
118011344,0.223808019422392
118011345,0.242667718206656
118011346,0.238951267317242
118011347,0.252891627312131
118021348,0.226555908059051
118021350,0.192355988314844
118021564,0.18664743806928
118021565,0.179778518470453
118021566,0.214938280435857
118021567,0.198500261565662
118021568,0.189966530073822
118021569,0.220442255777951
118021570,0.217274004357925
119011354,0.160659632043998
119011355,0.182987788831217
119011356,0.160758145679845
119011357,0.155496780009615
119011358,0.180494515873277
119011359,0.183367540089681
119011360,0.175519599107973
119011361,0.152040044505302
119011571,0.1452526998094
119011572,0.139315751052518
119021362,0.154849301301678
119021363,0.140520386683431
119021364,0.186022447348533
119021366,0.142876895801954
119021367,0.16669380561742
119021573,0.12947040442593
119021574,0.124315958185186
119031368,0.159896914678032
119031369,0.18222401082543
119031370,0.167968612321936
119031371,0.204533643923519
119031372,0.188855879789791
119031373,0.154685650913838
119031374,0.180853526163934
119041375,0.177103425745399
119041376,0.164833047877292
119041377,0.183250128055247
119041378,0.169477986727248
119041379,0.173137213321295
119041380,0.180811361085938
119041381,0.153850235036366
119041382,0.190940510694455
120011383,0.216060206689389
120011384,0.208038968897165
120011385,0.229702519986022
120011386,0.220119864840046
120021387,0.25268831582289
120021388,0.224810316025195
120021389,0.248208463973589
120031390,0.173121100138117
120031391,0.173489881689972
120031392,0.189171217601582
120031393,0.17877784772482
120031394,0.20618084983358
120031395,0.207632514054311
120031396,0.172530586323959
120031575,0.185956709132227
120031576,0.18659563009587
121011398,0.21522529446166
121011399,0.221989452845356
121011400,0.240737783040051
121011401,0.254461787020322
121011402,0.238537330192277
121021403,0.197151992516634
121021404,0.198163321718255
121021406,0.211977431634559
121021577,0.18867064732244
121021578,0.198273024946283
121021579,0.212279254500743
121031407,0.235578456925235
121031408,0.237052869510726
121031409,0.24202181751016
121031410,0.232111318996289
121031411,0.232236941022064
121031412,0.236995887401073
121041413,0.249647989280699
121041414,0.248801583769028
121041415,0.249527579432295
121041416,0.248062917002627
121041417,0.25823897035976
122011418,0.236356766037884
122011419,0.241106293932959
122021420,0.198420912262631
122021421,0.205145667696855
122021422,0.199620876532579
122021423,0.192423320766593
122031424,0.185000653246675
122031425,0.191272078210573
122031426,0.182319381834572
122031427,0.217732798185287
122031428,0.210423530251474
122031429,0.215979858090837
122031430,0.207027851025263
122031431,0.196955307649741
122031432,0.204751383934092
123011433,0.188615831395487
123011434,0.184914872090093
123011435,0.178509246885871
123021436,0.154564215179737
123021437,0.164027241953087
123021438,0.156197052397314
123021439,0
123021440,0.169590819580029
123021441,0.159939331310959
123021442,0.159229937729021
123021443,0.154609441164654
123021444,0.162371762926288
123031445,0.162879724567318
123031446,0.187430035655343
123031447,0.170786601149322
123031448,0.168175708749094
124011449,0.164836556946052
124011450,0.199946003365562
124011451,0
124011452,0.15367093667135
124011453,0.176530886519637
124011454,0.188965092125588
124011455,0.181952057418489
124021456,0
124031457,0.162627705385005
124031458,0.172915915366775
124031459,0.185100441633252
124031460,0.181422218840106
124031461,0.169682363783894
124031462,0.162734364129134
124031463,0.189029570674473
124031464,0.165237237462235
124031465,0.169804712590622
124041466,0.162143515675392
124041467,0.162169672812334
124041468,0.162314270940519
124051469,0.166893597621159
124051470,0.163676107866105
124051580,0.149563209868556
124051581,0.148139739252835
125011473,0.21749653536193
125011475,0
125011582,0.12565057283439
125011583,0.119341023073309
125011584,0.148473135150314
125011585,0.138185488680596
125011586,0.155453057171751
125011587,0.148225353597633
125021476,0.197512899008956
125021477,0.181534894552453
125021478,0.183969359173458
125031479,0.152402529842827
125031480,0.139382277619373
125031481,0.145345325207608
125031482,0.185821264927501
125031483,0.144064231077614
125031484,0.15681506266813
125031485,0.159525553576908
125031486,0
125031487,0
125041489,0.194764488151451
125041490,0.208409214012733
125041491,0.207418249979596
125041492,0.188099892567044
125041493,0.18660858097888
125041494,0.201917572356685
125041588,0.179634408939279
125041589,0.188612002697288
126011495,0.208864544536108
126011496,0.228390223165977
126021497,0.194855270864417
126021498,0.223299496495067
126021499,0.242558837413057
126021500,0.202591905814696
126021501,0.210075000304685
126021503,0.198347256209465
126021590,0.209249198459336
126021591,0.197272700180661
127011504,0.126983370905514
127011505,0.148346014256133
127011506,0.1818173236644
127011592,0.113156877714762
127011593,0.166671997808501
127011594,0.149194079159793
127011595,0.156015638720441
127011596,0.165215404987465
127011597,0.177812898092808
127021509,0.147192256316276
127021510,0.164631430997489
127021511,0.124542179672691
127021512,0.139505400360522
127021513,0.133593603501965
127021514,0.15446991771931
127021515,0.14041208979656
127021516,0.14092727912555
127021517,0.157272157410629
127021518,0.162580641984325
127021519,0.154337961849077
127021520,0.151770511838968
127021521,0.145228516010557
127031522,0.167962627896637
127031523,0.184670505954755
127031524,0.187005988905265
127031598,0.146948103057581
127031599,0.137838738441787
127031600,0.17376368414525
127031601,0.14724338262583
128011529,0.202376131134803
128011530,0.189513598261216
128011531,0.193405439505728
128011602,0.18598036768904
128011603,0.209417065682597
128011604,0.198428403098736
128011605,0.220749130616738
128011606,0.209770342224217
128021533,0.193080753384294
128021534,0.198516080872502
128021535,0.198897218229331
128021536,0.211566711464782
128021537,0.172949882723117
128021538,0.194196336848087
128021607,0.191071348688198
128021608,0.20230261190387
128021609,0.201104865725044
197979799,0.125784814844353
199999499,0.147138378899319
201011001,0.177074059095739
201011002,0.192439372979626
201011003,0.169785788647673
201011004,0.147410886935858
201011005,0.178018059472104
201011006,0.145863945533031
201011007,0.163542662702134
201011008,0.140319666297391
201021009,0.162662393577886
201021010,0.147219296277629
201021011,0.148886830377171
201021012,0.156001164702812
201031013,0.119850962909075
201031014,0.121650824712781
201031015,0.146462619750342
201031016,0.139344369868735
201031017,0.138036885451421
202011018,0.162351757390534
202011019,0.139734777143214
202011020,0.173925513987689
202011021,0.167640644211856
202011022,0.153293957768754
202011023,0.175949838822662
202011024,0.188854050931892
202011025,0.161947043337615
202021026,0.173448088470037
202021027,0.161000689101466
202021028,0.158352871214966
202021029,0.14397255751613
202021030,0.168669326294821
202021031,0.192112648983783
202031032,0.140432393030044
202031033,0.109735040677245
203011034,0.167121869326961
203011035,0.153861415237343
203011036,0.158158511061758
203021037,0.160028072545025
203021038,0.127033635026968
203021039,0.180445395986274
203021040,0.175403469089976
203021041,0.158854226056528
203021042,0.18051990298573
203021043,0.168423159544603
203021044,0.155532149892413
203021045,0.134154298287382
203021046,0.201825853678336
203021047,0.158848796697949
203031048,0.157331185236253
203031049,0.161395145342809
203031050,0.180555652033835
203031051,0.159753646203557
203031052,0.17611560840356
203031053,0.187442093201577
204011054,0.140180383025547
204011055,0.127839492197229
204011056,0.158362186354889
204011057,0.141489936405043
204011058,0.145788649597329
204011059,0.141186746130543
204011060,0.147193493904523
204011061,0.192189632664645
204011062,0.135441358917085
204021063,0.154427080281789
204021064,0.130163547768129
204021065,0.153008818234268
204021066,0.154962227340216
204021067,0.149824803593277
204031068,0.168046213072843
204031069,0.148598242651224
204031070,0.152813168204915
204031071,0.13795734741862
204031072,0.129088915781581
204031073,0.15811028300475
204031074,0.159926355930674
204031075,0.163996108943425
205011076,0.152005294160722
205011077,0.153266377646904
205011078,0.151501594800435
205011079,0.16320035275455
205021080,0
205021081,0.149446190630688
205021082,0.133760843735995
205021083,0
205021084,0.144974503448365
205021085,0.13294025042289
205021086,0.155255497195882
205031087,0.122144253571627
205031088,0.0365866856606118
205031089,0.138014373444272
205031090,0.142859533738376
205031091,0.143543213948287
205031092,0
205031093,0.14291242248454
205041094,0.16839536730169
205041095,0.152348076369062
205041096,0.145284035142315
205041097,0.177428430631685
205041098,0.164774487704509
205051099,0.0423463746718766
205051100,0.168447589412067
205051101,0.149019726283224
205051102,0.137149957298104
205051103,0.17412156773358
205051104,0.127477219941345
206011105,0.192078886300185
206011106,0.197856471087363
206011107,0.187237087647426
206011108,0.185804244036347
206011109,0.193019280010579
206021110,0.206386707551883
206021111,0.206410446316081
206021112,0.190690474142575
206031113,0.208079052643884
206031114,0.202981259715461
206031115,0.191332747499967
206031116,0.211884017785808
206041117,0.181754972406372
206041118,0.229885699208964
206041119,0.251646787589014
206041120,0.234737840709119
206041121,0.21887351959055
206041122,0.172675803046014
206041123,0.19609727294524
206041124,0.180431468196765
206041125,0.238730274427571
206041126,0.218178193764051
206041127,0
206051128,0.248911704758118
206051129,0.22009304938881
206051130,0.247211607390657
206051131,0
206051132,0.238853546932444
206051133,0.206105569060869
206051134,0.201233612978802
206061135,0.223640980721306
206061136,0.215896793436487
206061137,0.227916211353911
206061138,0.236702684799569
206071139,0.218785036358776
206071140,0.211978734141162
206071141,0.208926624808092
206071142,0.211976175643563
206071143,0.213789376944436
206071144,0.223041767072931
206071145,0.225832838419866
207011146,0.228527940986505
207011147,0.210501797247346
207011148,0.205519014459034
207011149,0.225692562821022
207011150,0.236528002311307
207011151,0.21815433760775
207011152,0.222277281824816
207011153,0.225478867966537
207011154,0.222537107979636
207011155,0.23119450537145
207021156,0.191543071604803
207021157,0.185050641213291
207021159,0.200524339870081
207021160,0.193515049651872
207021424,0.193853450211393
207021425,0.182667335119381
207031161,0.199991120929024
207031162,0.19837451534435
207031163,0.182486001161472
207031164,0.195154461005169
207031165,0.175169336126177
207031166,0.178265174305048
207031167,0.223320285635527
208011168,0.218613235649546
208011169,0.240472135924606
208011170,0.223531277679368
208011171,0.20641291989138
208011172,0.225052144875841
208011173,0.224824430918278
208021174,0.205210414323722
208021176,0.199598770413512
208021177,0.215685764982375
208021178,0.208250812686981
208021179,0.221024220947398
208021180,0.198283836308796
208021181,0.203147612110883
208021182,0.195866250084281
208021426,0.1964319329043
208021427,0.193698215451644
208031183,0.191509257844132
208031184,0
208031185,0.190627875949705
208031186,0.187143783741686
208031187,0.17048657388958
208031188,0.189825344897171
208031189,0.194840019431722
208031190,0.199781197342641
208031191,0.190769639616053
208031192,0
208031193,0.202676195830057
208041194,0.228084318478346
208041195,0.220593959920275
209011196,0.168084071010508
209011197,0.191074262709155
209011198,0.205061271527046
209011199,0.166826158393856
209011200,0.214835783314387
209011201,0.224962056333961
209011202,0.196919467289029
209011203,0.194389151251867
209011204,0.184947656827616
209021205,0.160587084153678
209021207,0.157469379510766
209021208,0.162784913546839
209021428,0.169636859621532
209021429,0.181019150895041
209031209,0.202246360076764
209031210,0.181608819795101
209031211,0.16064140464324
209031212,0.177774971260895
209031213,0.189457714625792
209031214,0.201996794781414
209031215,0.185980647173186
209041216,0.178512880719677
209041217,0.149936863091668
209041219,0.139363184132322
209041220,0.159464266786314
209041221,0.15569943531339
209041223,0.133470331682926
209041224,0.163663275120742
209041225,0.16413973129554
209041430,0.176003167141903
209041431,0.144637085512783
209041432,0.142763699030764
209041433,0.156021057498954
209041434,0.169569852348313
209041435,0.170533305062548
209041436,0.162562148711397
209041437,0.16134589726778
210011226,0.184739000061837
210011227,0
210011228,0.182011262614511
210011229,0.181604282227646
210011230,0.199332864834431
210011231,0.204441504634306
210021232,0.196960087873329
210021233,0.210030633458545
210021234,0.190134983915122
210021235,0.170209326610439
210031236,0.180185314229674
210031237,0.153460681746574
210031239,0.186652965896441
210031438,0.157810651362176
210031439,0.201755255209414
210031440,0.163240328184744
210041240,0.175400077951277
210041241,0.169217106868343
210051242,0.124671719058949
210051243,0.125985926956432
210051245,0.160947946237373
210051246,0.174215481028877
210051247,0.128717580674353
210051248,0.2295336809667
210051249,0.144069535996195
210051250,0.160427617618582
210051441,0.145074036958511
210051442,0.159108199017241
210051443,0.151073495980878
210051444,0.159962048235965
210051445,0.171201690129292
211011251,0.163399744073943
211011254,0.175315020923566
211011255,0.18834218431883
211011256,0.175299746866248
211011257,0.18525483715682
211011258,0.180836213394872
211011259,0.180124108557033
211011260,0.182000581241564
211011446,0.165715344218845
211011447,0.170075035130986
211011448,0.168873452811248
211011449,0.172633520355117
211021261,0.198221289512347
211021262,0.198538681567282
211031263,0.169144894961357
211031265,0.188070773793826
211031266,0.176961783462056
211031267,0.184160262497477
211031268,0.197874800031784
211031450,0.167991568100259
211031451,0.178030899467142
211031452,0.175637559876638
211041269,0.181688274647961
211041270,0.197154947309284
211041271,0.191660956263973
211041272,0.189922020145949
211041273,0.189009198641519
211051274,0.178562862784858
211051275,0.168333307271154
211051276,0.156055634031728
211051277,0.169383713508596
211051278,0.162469409971046
211051279,0.153439865440629
211051280,0.171008521366604
211051281,0.167249714305614
211051282,0.188479717736561
211051283,0.165027693635067
211051284,0.179766175226313
211051285,0.153456946371523
211051286,0.144818970130039
212011287,0.176766437772554
212011288,0.155494251283932
212011289,0.170435678883664
212011290,0.137266285033584
212011291,0.153384181866005
212011292,0.156926894229616
212021293,0.180276109717667
212021294,0.182727975883741
212021295,0.121832040293381
212021297,0.143862977334345
212021299,0.174417233602819
212021453,0.162364659674714
212021454,0.160978274241577
212021455,0.16014028700932
212021456,0.147957605393635
212031300,0.143884395650405
212031301,0.164003881359283
212031302,0.154204952032137
212031303,0.164984961880593
212031304,0.150027217723794
212031305,0.134455233558586
212031306,0.170694704891759
212031308,0.155415305557478
212031457,0.168249935220943
212031458,0.154547356467926
212041309,0.161504137738037
212041310,0.149810253530917
212041311,0.126484551621691
212041312,0.147104633672954
212041313,0.177209210658336
212041314,0.159842331297677
212041316,0.140544634641674
212041317,0.124792390082434
212041318,0.125549970781485
212041459,0.139512912639245
212041460,0.131980768048154
212051319,0.198647153737604
212051320,0.15946664191627
212051321,0.196424912309798
212051322,0.192300336173535
212051323,0.199505863685406
212051324,0.196659803559909
212051325,0.183633676213316
212051326,0.182706059892354
212051327,0.196098005149992
213011328,0.14482017104705
213011329,0.153150903130135
213011330,0.152540119115168
213011331,0.139703924263368
213011332,0.160109422363743
213011333,0.126653618334171
213011334,0.126907376454439
213011335,0.122591825508205
213011336,0.14683976586524
213011337,0.132590009699964
213011338,0.14019225280895
213011339,0.159047585868306
213011340,0.173520859172661
213021341,0.194664099838127
213021342,0.164027100300781
213021343,0.173949869474456
213021344,0.216754786760957
213021345,0.171641296465085
213021346,0.220076721289954
213031347,0.155461123028698
213031348,0.168592335266294
213031349,0.187513687408628
213031350,0.20770583313307
213031351,0.177282644377916
213031352,0.211762448349462
213041353,0.167206219020867
213041355,0.169699272699191
213041356,0.149660219442564
213041357,0.161668554780094
213041358,0.154607470659554
213041359,0.124119641960763
213041360,0.173542728299125
213041461,0.14576738884076
213041462,0.166308656517956
213041463,0.176748232479938
213051361,0.156730565736954
213051362,0.155239539717301
213051363,0.171905762759586
213051365,0.165680072200292
213051366,0.169210228452332
213051368,0.166089589841118
213051369,0.16286583224944
213051464,0.201746533960614
213051465,0.193748461601412
213051466,0.201887736365991
213051467,0.150401268889809
213051468,0.16091479507522
214011370,0.149580569398722
214011371,0.1582037698148
214011372,0.145297709756374
214011373,0.185594633776217
214011374,0.163111298709114
214011375,0.166697767945371
214011376,0.17801324942551
214021377,0.158700439641581
214021378,0.165626935981548
214021379,0.144844610993759
214021380,0.169581286140018
214021381,0.206574545380414
214021382,0.187396677709905
214021383,0.15558364850672
214021384,0.139313366849628
214021385,0.158890535258548
215011386,0.153590363674011
215011387,0.106298874449434
215011388,0.156303174662947
215011389,0.12039132960792
215011390,0.128682547684489
215011391,0.111202724689207
215011392,0.145926370471834
215011393,0.098248633734732
215011394,0.124218013885205
215021395,0.156037737409053
215021396,0.141888743731198
215021398,0.107880152324638
215021399,0.134844644631881
215021469,0.149432806407909
215021470,0.152685690718857
215031400,0.121561401642693
215031401,0.117192305791561
215031402,0.145497180120507
215031403,0.11946015734127
215031404,0.153550331677213
215031405,0.125107391582419
216011406,0.146137899299529
216011407,0.140220417280202
216011408,0.114843711140228
216011409,0.129714800212032
216011410,0.123444112638752
216021411,0.135364250941179
216021412,0.126108159226149
216021413,0.127376515979238
216021414,0.144676643840218
216031415,0.14924519524425
216031416,0.167551259961606
216031417,0.153901623764713
216031418,0.145122608555836
216031419,0.139693112521771
217011420,0.127781836948293
217011421,0.150744672648047
217011422,0.154162992131916
217011423,0.111649599932357
217031471,0.134403885197085
217031472,0.146412050636883
217031473,0.118630891687411
217031474,0.111603628964955
217031475,0.109035531624772
217031476,0.122245825555435
217041477,0.11132797064707
217041478,0.142567696834754
217041479,0.155236384346216
217041480,0.155927815952326
297979799,0.208869079962555
299999499,0.144338602090128
301011001,0.159523498495935
301011002,0.201072533369318
301011003,0.179310689260539
301011004,0.165577899264944
301011005,0.171360357720862
301011006,0.191008208885444
301021007,0.185188715521921
301021008,0.200107776321104
301021009,0.177114435712105
301021011,0.196420244614005
301021012,0.184787131954331
301021013,0.167016820938004
301021527,0.148594428667672
301031014,0
301031015,0.203385848400023
301031016,0.190401396582356
301031017,0.200889113996504
301031018,0.182337748795374
301031019,0.220975204948569
301031020,0.19015540194333
301031021,0.170155361879849
302011022,0.171370975842176
302011023,0.212518795692798
302011024,0.182613935059415
302011025,0.187448013849953
302011026,0.19683862602891
302021027,0.187350995110731
302021028,0.16932534003483
302021029,0.192934387588285
302021030,0.184902303331417
302021031,0.203936654792182
302021032,0.188830264916573
302021033,0.187507837151947
302021034,0.214742307646489
302031035,0.168118275852098
302031036,0.187029981404628
302031037,0.225539436357302
302031038,0.19914842994001
302031039,0.188247041383886
302031040,0.195437602551998
302041041,0.173698062701174
302041042,0.186160681103074
302041043,0.176612487088782
302041044,0.201353645483727
302041045,0.173465154801925
302041046,0.156805006636675
303011047,0.225521181842689
303011048,0.195598401418731
303011049,0.193432397635741
303011050,0.185930065126228
303011051,0.205906029502327
303021052,0.182038435752325
303021053,0.203804463084562
303021054,0.187851109395233
303021055,0.188470551445033
303021056,0.206726460974632
303021057,0.206284575242204
303021058,0.179094789611726
303021059,0.211346023832682
303031060,0.171955077198733
303031061,0.152474403204623
303031062,0.177108135180523
303031063,0.191100051589912
303031064,0.202827818258636
303031065,0.177493818501041
303031066,0.188516799666531
303041067,0.15019833504596
303041068,0.183973832719502
303041069,0.161040932322949
303041070,0.175881399429862
303041071,0.213973020910951
303051072,0.166370737039204
303051073,0.172400637474631
303051074,0.186992507965581
303051075,0.177059111678905
303051076,0.14536969218193
303061077,0.183334325021861
303061078,0.15234564398026
303061079,0.146290348221161
303061080,0.161664648484657
304011081,0.201168586363423
304011082,0.188146304849384
304011083,0.186640985901158
304011084,0.214156656068595
304011085,0.207727282132268
304021086,0.19708092187083
304021087,0.226317914518484
304021088,0.22365286450695
304021089,0.238397158540757
304021090,0.208202435354533
304021091,0.232175225374387
304031092,0.223943697111072
304031093,0.211241850454172
304031094,0.201213476444978
304031095,0.213113233889485
304031096,0.169447413011567
304031097,0.195163029728269
304041098,0.177411144298884
304041099,0
304041100,0.179170548691609
304041101,0.200619004802924
304041102,0
304041103,0.208548882180936
304041104,0.192458989741911
305011105,0.202021294803827
305011106,0.194825362473128
305011107,0.187907786157783
305011108,0.209462868458144
305011109,0.218984748563556
305011110,0.197147235250726
305011111,0.173896050966305
305011112,0.206342638212031
305021113,0.227109862239088
305021114,0.242120215529016
305021115,0.196707710992137
305021116,0.231757955742795
305021117,0.208301192047106
305021118,0.226502597264595
305031119,0.208215381630653
305031120,0.208747828551963
305031121,0.229305299086241
305031122,0.205891644426093
305031123,0.238669703048919
305031124,0.219150615793649
305031125,0.222673775926436
305031126,0.189462180135661
305031127,0.199575915156072
305031128,0.232075919897478
305031129,0.230997577691675
305031130,0.206011648685502
305031131,0.202873231633046
305041132,0.220429943300412
305041133,0.21419072902416
305041134,0.229392835398328
305041135,0.219213258246302
305041136,0.217161805340401
305041137,0.201843573643881
306011138,0.184007441176184
306011139,0.169324918514151
306011140,0.198467585939473
306011141,0.184037277668907
306011142,0.174922155529891
306011143,0.157405010520323
306021144,0.152501476362112
306021145,0.157815627570816
306021146,0.165018497396012
306021147,0.148236992766702
306021148,0.163889611833832
306021149,0.168952385325227
306021150,0
306021151,0.131119196404706
306021152,0.129994830331322
306021153,0.164929440343591
306021154,0.140534574477599
306021155,0.147080038737967
306021156,0.185149415167113
306021157,0.140581456662173
306031158,0.145715018216872
306031159,0.141204919669104
306031160,0.142962321207546
306031161,0.131009221011871
306031162,0
306031163,0.155609400731002
306041164,0.138009379971223
306041165,0.127519115595036
306051166,0.147963175377607
306051167,0.13391181773225
306051168,0.160528982276887
306051169,0.147021847225683
306051170,0.147515886571298
307011171,0.127616455445908
307011172,0.157322944030964
307011173,0.153058428834508
307011174,0.103113005623129
307011175,0.129101932415828
307011176,0.17188329316067
307011177,0.116622292247425
307011178,0.101069560541059
307021179,0.134774595815085
307021180,0.139035081391418
307021181,0.111609162748395
307021182,0.139533788809075
307021183,0.15226560156103
307031184,0.132130519020667
307031185,0.125329630829477
307031186,0.127958692449766
307031187,0.134833561364007
307031188,0.125026046285694
307031189,0.144644232892021
308011190,0.190909678679857
308011191,0.156329157544396
308011192,0.189177721505215
308031205,0.147198166065182
308031206,0.159137620505528
308031207,0.169646842645306
308031208,0.17691172168263
308031209,0.18239970595627
308031210,0.170795156668209
308031211,0.147240410621265
308031212,0.144414749445548
308031213,0.182242721693802
308031214,0.154547381143208
308031215,0.165706487779761
308031216,0.171796276302759
308031217,0.146416120997318
308031218,0.1769468841398
308031219,0.14483298327655
308031220,0.150766530889651
308031221,0
308031222,0.191135267733213
308031223,0.177953244363315
308041528,0.138736033970775
308041529,0.190572111419466
308051530,0.140812593422515
308051531,0.190941790767461
308051532,0
308051533,0.191715320154794
308051534,0.178468662283859
308051535,0.177453991860393
308051536,0.173790806662784
308051537,0
308051538,0.18532557325116
308051539,0.178335845613636
309011224,0.181711111976956
309011225,0.173921789696409
309011226,0.167528808611939
309011227,0.167433905277379
309011228,0.163696296481523
309011229,0.168124159217935
309021230,0.156807238329696
309021231,0.167489467953804
309021232,0.157098046886608
309021233,0.15891642811826
309021234,0.163966289003314
309031235,0.158268666837124
309031236,0.157139744668198
309031237,0.145098160343297
309031238,0.142664053573555
309031239,0.193668355466917
309031240,0.173277848125199
309041241,0.163185607006089
309041242,0.164771093596223
309051243,0.166789088274745
309051244,0.168378918383475
309051245,0.180084181361064
309061246,0.160751419206164
309061247,0.148390806572313
309061248,0.150487665903907
309061249,0.159164495600879
309061250,0.172998702785792
309071251,0.170169431197084
309071252,0.171785284933965
309071253,0.199468599741133
309071254,0.165356785090152
309071255,0.173850333711114
309071256,0.160846130000434
309071257,0.157411015186118
309071258,0.162197909740866
309081259,0.183062765896605
309081260,0.140786324111553
309081261,0.167352294341949
309081262,0.160518567037558
309091263,0.160950820840109
309091264,0.15148805083831
309091265,0.159090008096453
309091540,0.139468346705372
309091541,0.154276619270137
309101267,0.182630597397675
309101268,0.187864615157377
309101269,0.204321221150108
309101270,0.144420304936119
310011271,0.152378490347739
310011272,0.144651569272867
310011273,0.171088913952253
310011274,0.12105181010486
310011275,0.193526318593045
310011276,0.133610541586584
310021277,0.142255506076377
310021278,0.144260169816977
310021279,0
310021280,0.146883519283158
310021281,0.150271527383786
310021282,0.160058687189642
310031283,0.158438398545919
310031284,0.148351747387371
310031285,0.161708824628756
310031286,0.172186067887513
310031287,0.155216106227249
310031288,0.176777505481101
310031289,0.192690707809452
310031290,0.201640099330318
310031291,0.145369279889747
310031292,0.158712209823511
310031293,0.160452862939269
310031294,0.175136487550692
310031295,0.122597041406025
310041296,0.186312519159477
310041297,0.15482017442506
310041298,0
310041299,0.153290246993712
310041300,0.139884403230067
310041301,0
310041302,0.145368451164711
310041303,0.165936182680499
310041304,0.181936277423363
311011305,0.141301247638609
311021306,0.135250254641783
311021307,0.130664546883848
311021308,0.156265095547514
311021309,0.157639239143373
311021310,0.169492488699045
311031311,0.147216233461799
311031312,0.149007329856493
311031313,0.15654497922236
311031314,0.133741506691898
311031315,0
311031316,0.159501785163754
311031317,0.134340651453834
311031318,0.164845048484058
311031319,0.153447103956354
311041320,0.170242156403843
311041321,0.161692208719055
311041322,0.165437218831393
311051323,0.15355535218174
311051324,0.183230062517494
311051325,0.160131412680225
311051326,0.141812739165342
311051327,0.182404348560325
311051328,0.141523228720959
311061329,0.181775989615848
311061330,0.12782161252748
311061331,0.122803796079282
311061332,0.172977121299775
311061333,0.141574251058598
311061334,0.176613727010721
311061335,0.175092490396532
311061336,0.125409236774448
312011337,0.15204044527781
312011338,0.202760867612665
312011339,0.151690361184391
312011340,0.146419083620561
312011341,0.232935228508112
312021342,0.174297620288276
312021343,0.190400545389941
312021344,0.195035995042673
312021345,0.0304554038099106
312021346,0.17239862007616
312021347,0.26748829585858
312021348,0.197180062061297
312021349,0.165723822133384
312021350,0.189405127966002
312021351,0.181248289343357
312021352,0.179627695343605
312021353,0.173014497181038
312021354,0.190435560962329
312021355,0.174349850034849
312021356,0.166063888935378
312021357,0.178597956047524
312021358,0.187019189558288
312031359,0.156699451109998
312031360,0
312031361,0.15645569101684
313011362,0.155744012309508
313011363,0.159138852136788
313021364,0.16892421116664
313021365,0.137975944361687
313021366,0.135996542058589
313021367,0.155165912343332
313021368,0.137008313237405
313021369,0.156743840186122
313031370,0.137450803509561
313031371,0.147636650090772
313041372,0.157426852444695
313041373,0.142613924747417
313041374,0.160986453904544
313041375,0.171447569635401
313041376,0.166616472105373
313051377,0.160933928173565
313051378,0.165033761651936
313051379,0.159001454032901
313051380,0.147220942691902
313051542,0.185314440567053
314011382,0.189602542996396
314011383,0.18331518485342
314011384,0.187259872099247
314011385,0.19630694919101
314011386,0.190756726574468
314011387,0.210435034544143
314021388,0.153680359373975
314021389,0.175743453873943
314021390,0.182619558321144
314031391,0.15689542967211
314031392,0.155612167522848
314031393,0.166997706444672
314031394,0.14881910308976
315011395,0.148947006008446
315011396,0.144902580697095
315011397,0.0906203075915416
315011398,0.136802715975508
315011399,0.153353880851809
315011400,0.123234375771844
315011401,0.187542395387962
315011402,0.167588941159936
315011403,0.227360141828368
315021404,0.152424159537577
315021405,0.206506486518052
315021406,0.195486377958866
315021407,0.130972310207828
315031408,0.117795103573328
315031409,0.13563855777213
315031410,0.115904840204056
315031411,0.124778275246969
315031412,0.151730628060543
316011413,0.177731344915427
316011414,0.180670820242839
316011415,0.166081498051182
316011416,0.151276597830875
316021417,0.155098631993545
316021418,0.174314795746382
316021419,0.151300226831129
316021420,0.155862781550504
316021421,0.17134272625692
316021422,0.168267211537073
316021423,0.175280532551048
316021424,0.166437392167588
316031425,0.165299438141496
316031426,0.163894964305829
316031427,0.154569092294071
316031428,0.168170225817945
316051434,0.164308615526682
316051435,0.161396293612155
316051437,0.158062613950289
316051438,0.136001548282314
316051543,0.168058404168936
316051544,0.175411040781389
316061439,0.148568736133865
316061440,0.155947960050784
316061441,0.156489306296631
316061442,0.157394047498336
316061443,0.150817636676709
316061444,0.164056170261326
316071545,0.16269003252387
316071546,0.170680302770083
316071547,0.159087164929541
316071548,0.146003054359273
316081549,0.150206575442701
317011445,0.171945017329489
317011446,0.151243263782807
317011447,0.146425228924292
317011448,0.125771888424015
317011449,0.17009567672069
317011450,0.193916614352417
317011451,0.153585222222997
317011452,0.200832753653252
317011453,0.148045376725975
317011454,0.15240320281636
317011455,0.190269654471537
317011456,0.161058736841064
317011457,0.199165897200614
317011458,0.167640847100751
317011459,0.14024383033065
318011460,0.157488158046595
318011461,0.141293542344083
318011462,0.164886987050107
318011463,0.139408179967311
318011464,0.155983792320687
318011465,0.151260108728823
318011466,0.145160317617182
318021467,0.166653136211496
318021468,0.170555584416764
318021469,0.208303995698987
318021470,0.171166363839123
318021471,0.146409634408327
318021472,0.155117650625454
318021473,0.170463186122317
318021474,0.171489367469445
318021475,0.166378013400276
318021476,0.159825950068607
318021477,0.14679936448122
318021478,0.161753290620751
318021479,0.169451772803689
318021480,0.147115957228444
318021481,0.145184653506239
318021482,0.165006278553313
318021483,0.138414068659713
318021484,0.172542412659664
318021485,0.175415542599857
318021486,0.168169627969981
318021487,0.177390273065773
318021488,0.178651970128655
318021489,0.176428513057001
318021490,0.205181125292781
318021491,0.149273557484818
319011492,0.149454242827917
319011493,0.171919770222193
319011494,0.156051996885807
319011495,0.130219017723307
319011496,0.16336995079101
319011497,0.14192747094932
319011498,0.145779522514035
319011499,0.1402764711394
319011500,0.151300206706509
319011501,0.143607706364715
319011502,0.139301876021007
319021503,0.113253633385748
319021504,0.128107122749957
319021505,0.163159174945749
319021506,0.13129903228009
319021507,0.136666876818141
319021508,0.111739447056292
319021509,0.134374055462469
319021510,0.0304554038099106
319031511,0.130877241363402
319031512,0.140599766123279
319031513,0.1504294467413
319031514,0.143439424518528
319031515,0.124644875253456
319041516,0.147549081376847
319041517,0.169959342606872
319041518,0.15634815217888
319041519,0.142132122270783
319041520,0.149530628619005
319041521,0.153383170700671
319051522,0.145132909872074
319051523,0.151544827957659
319051524,0.148353559080537
319051525,0.143334809495108
319051526,0.164312080140159
397979799,0.122821020378453
399999499,0.12916544543839
401011001,0.194628781672033
401011002,0.216135102643082
401021003,0.174996286427268
401021004,0.208633662588188
401021005,0.180831590138291
401021006,0.169138998049956
401021007,0.168257434972057
401021008,0.156022411576109
401021009,0.166520187724216
401021010,0.190260259485281
401031011,0.212602523203128
401031012,0.225195423615461
401031013,0.223426303959405
401041014,0.179837061651755
401041015,0.164394562903557
401041016,0.179167384846408
401051017,0.210270291065956
401051018,0.183307345569275
401051019,0.207089012653764
401061020,0.198521026639257
401061021,0.195828354659297
401061022,0.230645482348661
401071023,0.207879393470078
401071024,0.218483572290851
402011025,0.165295281824851
402011026,0.157868418639731
402011027,0.152705033200205
402021028,0.150276213258399
402021029,0.127897814676496
402021030,0.123510148932519
402021031,0.144243773271252
402021032,0.150829555722287
402021033,0.179548673031893
402021034,0.123535238818661
402021035,0.134004137963638
402031036,0.153350107521135
402031037,0.174623263536008
402031038,0.169943063749437
402041039,0
402041040,0.153114031662968
402041041,0.156081065974889
402041042,0.630318089565828
402041043,0.138170088350191
402041044,0.137315591267313
402041046,0.130443724538125
402041047,0.154866491453096
402041048,0.132988951308061
402041171,0.182264157905258
402041172,0.147352619288836
402051049,0.189516349132348
402051050,0.177814582559374
402051051,0.185610551578733
402051052,0.157406328734373
402051053,0.171722423854395
402051054,0.17345983844752
402051055,0.168356261815254
403011056,0.198963073650759
403011057,0.196770602172019
403021058,0.168600655030973
403021059,0.178590914778029
403021060,0.181615182010589
403021061,0.16131546387549
403021062,0.178898959770606
403021063,0.1699268176483
403021064,0.168389070854867
403031065,0.210245367292736
403031066,0.182742815006057
403031067,0.203825743580978
403031068,0.194334955204807
403031069,0.21489916255841
403031070,0.176212141981637
403041071,0.176441113892174
403041072,0.148676788104411
403041073,0.140371145865958
403041074,0.144356051750037
403041075,0.178035341501848
403041076,0.198620699300032
403041077,0.186904505180383
403041078,0.152047505536709
403041079,0.131431276349766
403041080,0.170490410579138
403041081,0
403041082,0.194109977639793
403041083,0.167544513743514
403041084,0.146842762635754
403041085,0.138774858445208
403041086,0.154099288058943
403041087,0.157710055958237
403041088,0.165196765616523
403041089,0.161888181077594
404011090,0.16945799190806
404011091,0.165336731040942
404011092,0.195390235191644
404011093,0.176310981621511
404011094,0.154594307361412
404011095,0.174058619952113
404011096,0.188932021968347
404011097,0.159317667343868
404021098,0
404021099,0.182220362211404
404021100,0.171474326523604
404021101,0.155311134591459
404021102,0.139648516097795
404021103,0
404031104,0
404031105,0.178564978282999
404031106,0.177122717535142
404031107,0.168584067666599
404031108,0.170338383369778
404031109,0.191939712649688
405011110,0.155153515485505
405011111,0.142832860043376
405011112,0.166599867073792
405011113,0.137049234686896
405011114,0.14937304895906
405011115,0.168241317037995
405021116,0.161602944243573
405021117,0.13660118480553
405021118,0.109251434157345
405021119,0.12291615291241
405031120,0.13410474576306
405031121,0.126604787745366
405031122,0.153280859391875
405031123,0.14820412682991
405041124,0.144266172880246
405041125,0.140778441061489
405041126,0.137057258227082
405041127,0.118451021638766
405041128,0.116577338131933
406011129,0.15219491252124
406011130,0.126072711771771
406011131,0.109254977958544
406011132,0.0984128509458794
406011133,0.15251753449546
406011134,0.112386939211444
406011135,0.363292125540048
406011136,0.174066427910991
406011137,0
406021138,0.160295022378899
406021139,0.156245470401051
406021140,0.142773573937646
406021141,0.168879127303952
406021142,0.172479298805789
406021143,0.239032145539983
407011144,0.138003971297495
407011145,0.113918553807446
407011146,0.154919300311194
407011147,0.146293826308885
407011148,0.138996831951111
407011149,0.128096922365546
407021150,0.129758915749127
407021151,0.109572331922426
407021152,0.141105322708593
407021154,0.137864547961337
407021155,0.0902260321998067
407021156,0.119060957374904
407021157,0.122703704465388
407021158,0.124138145736993
407021173,0.152766549044412
407021174,0.15165649940523
407031159,0.137882136509617
407031160,0.152897541252529
407031161,0.0936194368109679
407031162,0.138477414151847
407031163,0.105900224879439
407031164,0.125008575979618
407031165,0.138458955644988
407031166,0.125256025989202
407031167,0.134880886316076
407031168,0.134344642559213
407031169,0.102296838458715
407031170,0.132170785322484
497979799,0
499999499,0.115896026293509
501011001,0.125259814888605
501011002,0.1499334690744
501011003,0.153650072974896
501011004,0.151875733834123
501021005,0.175635042359754
501021007,0.148624028599835
501021008,0.151239287630782
501021009,0.173008277788836
501021010,0.167942078480101
501021011,0
501021012,0.167054978113849
501021014,0.152463497773526
501021015,0.16307874858139
501021016,0.163494481971462
501021251,0.179984413735217
501021252,0.198419212670592
501021253,0.18568133142807
501021254,0.145155447501422
501031017,0.137445372423911
501031018,0.155424710619032
501031019,0.137559628869086
501031020,0.122844233554829
502011021,0.171870700513001
502011022,0.173286863987637
502011023,0.152097407396933
502011024,0.17411755332284
502011025,0.153155898438729
502011026,0.171386294267124
502011027,0.176079892701742
502011028,0.159592036815675
502011029,0.157669681338448
503011030,0.237562541957446
503011031,0.228821072254752
503011032,0.254961479058165
503011033,0.244569846431203
503011034,0.219393555381802
503011035,0.229707358761902
503011036,0.232007828488655
503021037,0.477428848386591
503021038,0.226969821547658
503021039,0.208825279461498
503021040,0.213230492595101
503021041,0.210785041336705
503021042,0.235876820291387
503021043,0.204754374072281
504011044,0.18522915820054
504011045,0.193190195059789
504011046,0.194165417913732
504011047,0.160545631545739
504011048,0.171231199392048
504021049,0.181330885030716
504021050,0.206860064400273
504021051,0.185474664669862
504021052,0
504021053,0.187359617132432
504021054,0.162675057907874
504031055,0.0882113054626072
504031056,0.154799667364088
504031057,0.152633092323368
504031058,0.171560824618352
504031059,0.173409550133841
504031060,0.181817942917825
504031061,0.19143370334657
504031062,0.159043277587382
504031063,0
504031064,0
504031065,0.15588446885742
504031066,0.162512141546594
504031067,0.168097043183481
504031068,0.187863773994597
504031069,0
505011070,0.168466709218139
505011071,0.179607098201634
505011072,0.207250394973451
505011073,0.183334278185804
505011074,0.174395329723972
505011075,0.204916842443459
505011076,0.206889051375668
505011077,0.179569795407575
505011078,0.190047574958097
505011079,0.194083582653169
505011080,0.190397796902564
505011081,0.183587670455112
505011082,0.215010320672037
505011083,0.188560910068656
505021084,0.170536965865173
505021085,0.133340312872734
505021086,0.178607101938213
505021087,0
505021088,0.203577294318377
505021089,0.210716344496034
505021090,0.15882329078551
505021091,0
505021092,0.204697630776297
505021093,0.186433573887937
505021094,0.212142897355416
505021095,0.181737145101835
505021096,0.221973414249694
505021097,0.192131485114106
505031098,0.144041187270305
505031099,0.159618653450685
505031100,0.168745923695426
505031101,0.161686896513055
505031102,0.128441683520567
505031103,0.180808037574412
505031104,0.143223258213832
505031105,0.180079709649997
505031106,0
505031107,0.177239821546305
505031108,0.169752958140492
505031255,0.174873838203788
505031256,0.138597280683291
505031257,0.15469728835573
505031258,0.164847641146521
506011110,0.146260465399459
506011111,0
506011112,0.150142675467299
506011113,0.191647976214357
506011114,0.156820231446477
506011115,0.181644691894158
506011116,0.18818171787245
506011117,0.149463352147214
506021118,0.17811506108245
506021119,0.190161580419485
506021120,0.207878609696671
506021121,0
506021122,0.171836645386136
506021123,0.191292882151265
506031124,0.157637538650311
506031125,0.184737983776276
506031126,0
506031127,0.153114738333997
506031128,0.169824944684169
506031129,0.196647228957088
506031130,0
506031131,0.189801271388771
506041132,0.149339988715695
506041133,0.181826327266949
506041134,0.145139426515007
506041135,0.173045606769445
506041136,0.147953636341108
506041137,0.158111512857909
506051138,0.170583135281193
506051139,0.169654197833711
506051140,0.192724345512925
506051141,0.190740700348544
506061142,0.167936323141561
506061143,0.167803800341273
506061144,0.167323373551856
506071145,0.208179403645513
506071146,0.200897836068174
506071147,0.220198025416201
507011148,0.193040024975033
507011150,0
507011151,0
507011152,0.180444511714994
507011153,0.172048121791121
507011154,0.159360648777193
507011155,0
507011158,0.237690412651697
507011159,0.174544110173814
507011160,0.1598259004444
507011161,0.191772811079436
507011163,0.168581012985809
507011259,0.184481072492232
507011260,0.204900723032513
507021164,0.218170792958374
507021165,0.202226368089337
507021166,0.189588665283415
507021167,0.173317355242015
507031169,0.168933289250691
507031170,0.143547158689317
507031172,0.0756353356900543
507031173,0
507031174,0.148000861659291
507031261,0.186340356313288
507041175,0.220742694036526
507041176,0.197159824124188
507041177,0.203908929562398
507041178,0.213833157764822
507041179,0.200805521931327
507041180,0.203237732739489
507041181,0.208814696205033
507041182,0.179470422634187
507041183,0.189700960695691
507041184,0.200684393707498
507051185,0.178069952186603
507051186,0.143922318278395
507051187,0.161151322141498
507051188,0.157930968236783
507051189,0
507051190,0.173360808144777
507051191,0.180998768120801
507051192,0.163740437769248
507051193,0.15808401497041
509011225,0.158235551952979
509011226,0.131893460878655
509011227,0.16048997820285
509011228,0.142536556523586
509011229,0.0952703316194582
509011230,0.140540269060941
509011231,0.0915783834434493
509011232,0.158865021997317
509011233,0.141354769102702
509011234,0.124601130223355
509011235,0
509021236,0.167185771783205
509021237,0.123516615650437
509021238,0.120670499959518
509021239,0.134343304724446
509021240,0.143124686538695
509021241,0.127334445249999
509021242,0.144611624978209
509021243,0.161125233152682
509021244,0.166257625704945
509021245,0.144447790309711
509031246,0.118835931994316
509031247,0.102485894287983
509031248,0.196838669356626
509031249,0.154786493129844
509031250,0.112686156581817
510011262,0.179533782403202
510011263,0.169623843143173
510011264,0.160112783339069
510011265,0.177638517906375
510011266,0.15454570107523
510021267,0.245637364244285
510021268,0.227752565805257
510021269,0.228198008239496
510021270,0.196051530133331
510031271,0.219624112072271
510031272,0.20372401966636
510031273,0.234086676312838
511011274,0.158082806181586
511011275,0.108976606391625
511021276,0.145586394947955
511021277,0.15408676288448
511031278,0.181370115057461
511031279,0.201768526926965
511031280,0.221463488523895
511031281,0
511031282,0.206093262127864
511031283,0.224959902355924
511031284,0
511041285,0.159671413170069
511041286,0.153909351644783
511041287,0.177349305219365
511041288,0.177881115961356
511041289,0.156514353181427
511041290,0.217667640055691
511041291,0.13602504880702
511041292,0.128955502095015
597979799,0.244198692179073
599999499,0.151978228166541
601011001,0.114680239668119
601011002,0.144924954054659
601011003,0.165817975354614
601021004,0.187267009344569
601021005,0.188421104070671
601021006,0.185502211002181
601021007,0.186672204947682
601021008,0.192176568225677
601021009,0.135229185048234
601021010,0.116339784404223
601021011,0.134209481662978
601021012,0.180792779034093
601031013,0.158034103023933
601031014,0.143767896177024
601031015,0.142863453318676
601031016,0.144341330372222
601031017,0.134368544202825
601031018,0.159227450502898
601031019,0.148288406716643
601031020,0.136231990295074
601031021,0.153690222764088
601041022,0.172823007088556
601041023,0.184390002255054
601041024,0.170740282249145
601041025,0
601041026,0.200007130368328
601051027,0.193907174089702
601051028,0.191796497217669
601051029,0.197742829136711
601051030,0.186998797798629
601051031,0.195220221150308
601051032,0.192352335845422
601051033,0.195983686690603
601061034,0.152317283411814
601061035,0.158195806941406
602011036,0.131224604686549
602011037,0.159075036965551
602011038,0.196050754622437
602011039,0.166470920243377
602011040,0.122390678752979
602011041,0.126939592201255
602011042,0.182933716007829
602011043,0.179146044543477
602011044,0.164798935010004
602011045,0.102788008544789
602011046,0.17258775499938
602011047,0.155970203364235
602011048,0.148217788665597
602011049,0.184855501353108
602011050,0.136531705049581
602011051,0.177918062827069
602011052,0.157784567089603
602021053,0.130418503099985
602021054,0.126919686383415
602021055,0.161871267115697
602021056,0.15033739635068
602021057,0.133641679416195
602031058,0.16629670112045
602031059,0.145920094294898
602031060,0.14465053656786
602031061,0.107603803330652
602031062,0.158389584673755
602031064,0.130570755379929
602031099,0.135033757946581
602031100,0.117358782130528
603011065,0.0999710008081374
603011066,0.144887207354373
603011067,0.12535258406593
603011068,0.270170283758655
603021069,0.162719367973863
603021070,0.146097993825909
603021071,0.129714014181356
603021072,0.155022562510937
603031073,0.122889015545531
603031074,0.125689771146044
604011075,0.123657087594643
604011076,0.143228350678708
604011077,0.148325121668914
604011078,0.166479338738773
604011079,0.164841193594099
604011080,0.153340144735943
604011081,0.148593886227708
604011082,0.146929290298608
604011083,0.146368938557556
604011084,0.152296264874975
604021085,0.146548457241508
604021086,0.131574582691271
604021087,0.140817036430845
604021088,0.163206446193519
604021089,0.15782993613913
604021090,0.150699656186764
604021091,0.136092672905938
604021092,0.166232553424968
604031093,0.126691555269778
604031094,0.117627653006079
604031095,0.144722690822564
604031096,0.14346760136945
604031097,0.171288370121036
604031098,0
697979799,0.177858822959039
699999499,0.142593642548364
701011001,0.150815730318914
701011002,0.205550883838326
701011003,0
701011004,0.220836717181624
701011005,0.207689292598837
701011006,0.192866464823898
701011007,0.228431230998467
701011008,0.195864111993724
701011009,0.211689496175546
701021010,0.165332879680547
701021011,0.1847512755867
701021012,0.162620017225874
701021013,0.172318697155243
701021014,0
701021015,0
701021016,0.167833809898416
701021017,0.195509784290503
701021018,0.19500898768231
701021019,0.16484378931125
701021020,0.18587554555503
701021021,0.192240343723507
701021022,0.181398431904877
701021023,0.153828856246636
701021024,0.169283720965328
701021025,0.207231198035723
701021026,0.207681277740073
701021027,0.191456885157908
701021028,0.146991744142008
701021029,0.176977281869511
701021030,0.182722499694455
701031031,0.176364872376751
701031032,0.181635579263791
701031033,0
701031034,0.182289240220877
701031035,0.167798414102376
701041036,0.173409857311874
701041037,0.16572495276311
701041038,0.19442310680754
701041039,0.159477469115424
701041040,0.160979981083342
701041041,0.190974731601126
701041042,0.172223396524565
701041043,0.188850065458289
701041044,0.168153432822028
702011045,0.174585170658632
702011046,0.19109186782734
702011047,0.178828686361696
702011048,0.191933257888589
702011049,0.185773527447371
702011050,0.127368041111718
702011051,0.171565843177652
702011052,0.131241105353254
702011053,0.152689792667404
702011054,0.149252485417638
702021055,0.117979821355996
702021056,0.179613985019599
702031057,0.163215525470466
702031058,0.144038613303605
702031059,0.140118519660438
702031060,0.164728755459759
702031061,0.151726837537462
702041062,0.220629099191046
702041063,0.158540180612404
702041064,0.21026694619704
702051065,0.137674461042591
702051066,0.158775015421836
702051067,0.181712891421401
702051068,0.147801586135416
797979799,0.166138899652348
799999499,0.137493250549098
801011001,0.225691925940305
801011002,0.18846435548768
801011003,0.191261996903666
801011004,0.155883926523569
801011005,0.223850092164429
801011006,0.191029892330542
801011007,0.192817876560941
801011008,0.181066058709003
801011009,0.196681527055698
801011010,0.209296282251114
801011011,0.202011967442756
801011012,0.259972307050321
801011013,0.216119828842361
801011014,0.197968522632876
801011015,0.184980921204315
801011016,0.189662482591964
801011017,0.183529257526555
801011018,0.191307842987213
801011019,0.186215870643323
801011020,0.201773889632858
801011021,0.192329695036081
801011022,0.198393340877479
801011023,0.187251195804729
801011024,0.187570531085128
801011025,0.187538728297314
801011026,0.235683673188167
801011111,0
801011112,0
801031031,0
801031032,0
801031113,0.142068203422308
801031114,0.171866817324984
801031115,0.211558902292208
801041034,0.205461457137067
801041035,0.200096321110826
801041036,0.205010886088039
801041037,0.220089626362329
801041038,0.233937826103273
801041039,0.200456223377918
801041040,0.187562975936935
801041043,0.215436295769133
801041044,0.207790834669193
801041045,0
801041046,0.186455795606701
801041047,0.212108790703573
801041048,0.188790499323878
801041116,0
801041117,0
801041118,0.182307187825824
801041119,0
801041120,0.119935100183388
801041121,0
801041122,0
801051049,0.0708399491225934
801051050,0.232000652510824
801051051,0.219343082130438
801051053,0.210221064872405
801051054,0.2149203583318
801051055,0.187298752312057
801051056,0.220917012034262
801051057,0.207607200729694
801051058,0.216992385698252
801051060,0.223582359720919
801051061,0.210264759315516
801051123,0
801051124,0.238725113879791
801051125,0.340275811941617
801051126,0
801051127,0.206191555950701
801051128,0
801061062,0.267266821767209
801061063,0.273431478052972
801061064,0.246637895590149
801061066,0
801061067,0.232254501034329
801061068,0
801061069,0.250615460548037
801061070,0.248015436128915
801061129,0.270038234666525
801061130,0.315682620744596
801061131,0.264297182598037
801071071,0.185139897654959
801071072,0.19452547967888
801071073,0.195046903764917
801071074,0.181134836062381
801071075,0.188783292523289
801071076,0.229659693960033
801071077,0.19444090153671
801071078,0.186005872300426
801071079,0.207747523300322
801071080,0.223039494274242
801071081,0.179541084320387
801071082,0.194759611173836
801071083,0.21952088192405
801071084,0.19555473200978
801071085,0
801071086,0.199734465429753
801071087,0.172041513049409
801071088,0.186266164237434
801071089,0.106297443653985
801071090,0.194800362446917
801071132,0
801081091,0.235390666326628
801081092,0.232585004504147
801081093,0.207563381476376
801081094,0.220225853070069
801081095,0.203625555198763
801081096,0.222184410417381
801081097,0.225050126386422
801081098,0.226313721080423
801081133,0
801091099,0.2163776677861
801091100,0.231107831866064
801091101,0.220475754143637
801091102,0.245964210261186
801091103,0.229932567101457
801091104,0.216440049238255
801091105,0.204010823202365
801091106,0.210907225029848
801091107,0.216214219797035
801091108,0.227690745394423
801091109,0.219671834918782
801091110,0.220573628012838
801101134,0.315682620744596
801101135,0.218170532379472
801101136,0
801101137,0
801101138,0
801101139,0.227849812997755
801111140,0.172836528398575
801111141,0.207220778737584
897979799,0
899999499,0.153336067020441
901011001,0.177926597005084
901021002,0.123356923036079
901031003,0.238347905036909
901041004,0.130009416436095
997979799,0.190650767381932
999999499,0.225618794879621
