SA2_5DIG16,income_security,base_ds,base_us,peak1_us,peak2_us,peak1_ds,peak2_ds,peak1_minus_base_ds,peak1_minus_base_us,peak2_minus_base_ds,peak2_minus_base_us
11028,0.192,79774612.694,6398090.976,19884817.139,11417071.701,160703533.626,103644182.027,80928920.932,13486726.163,23869569.333,5018980.726
11029,0.18,70881574.425,4662060.428,16566596.178,10539901.642,133571381.514,99479299.101,62689807.089,11904535.75,28597724.676,5877841.214
11030,0.154,70504176.415,8170392.805,11077892.359,9704076.89,87406058.357,71173607.436,16901881.942,2907499.553,669431.021,1533684.084
11031,0.18,79601146.179,6994824.65,18224793.179,12337311.959,138666817.436,101036431.815,59065671.257,11229968.529,21435285.636,5342487.308
11032,0.173,100191026.943,9028048.007,17545728.699,11676460.455,145296667.425,109966185.177,45105640.482,8517680.692,9775158.234,2648412.448
11033,0.171,118189150.603,7046603.157,19396355.23,11935172.789,204317772.864,152185108.071,86128622.261,12349752.073,33995957.468,4888569.633
11034,0.169,75606296.614,4964370.165,12924332.26,8126897.752,139177825.097,100598218.448,63571528.483,7959962.095,24991921.834,3162527.588
11035,0.166,112942430.585,5007813.683,20324296.526,11843493.342,198519772.422,144633759.065,85577341.836,15316482.843,31691328.48,6835679.659
11036,0.173,108862556.212,7116976.557,20193483.049,12842930.671,181288940.952,128137073.45,72426384.74,13076506.492,19274517.238,5725954.114
11037,0.184,99080291.09,6635241.339,17111910.707,14066892.358,166617644.979,118316523.943,67537353.889,10476669.368,19236232.853,7431651.019
11038,0.176,77164276.296,5343357.05,15002749.863,9024469.624,154249703.234,108664403.51,77085426.937,9659392.813,31500127.213,3681112.574
11039,0.191,83169479.655,5796758.58,18600813.016,11287579.01,159684963.183,113684536.616,76515483.528,12804054.436,30515056.961,5490820.43
11040,0.16,84290059.263,5486713.488,15160421.837,9656324.864,138185147.482,109165983.089,53895088.218,9673708.348,24875923.826,4169611.375
11041,0.189,88632155.672,6101239.462,20240494.401,11509335.81,184441290.147,121303366.912,95809134.476,14139254.939,32671211.241,5408096.349
11042,0.163,85535858.918,5733451.738,13747240.708,10239891.143,131783456.054,107336807.167,46247597.136,8013788.97,21800948.249,4506439.405
11043,0.161,98176841.008,6453028.835,14515212.845,9181162.818,161728870.097,115981347.342,63552029.089,8062184.01,17804506.334,2728133.983
11044,0.156,100767506.482,5773311.354,14971207.813,7961154.219,168041784.026,113888184.691,67274277.544,9197896.459,13120678.209,2187842.865
11045,0.142,135549918.852,6539538.423,14127834.912,9140395.898,211464074.252,167572384.402,75914155.4,7588296.489,32022465.55,2600857.475
11046,0.152,93620669.012,4795831.277,10897678.653,6840250.769,146377668.66,118290550.983,52756999.648,6101847.376,24669881.971,2044419.492
11047,0.163,108931102.496,7864036.546,17993441.781,10674917.853,181661946.965,129044925.646,72730844.469,10129405.235,20113823.15,2810881.307
11048,0.147,104779809.751,5534109.24,12132253.132,8526991.561,157048720.33,121952525.29,52268910.579,6598143.892,17172715.539,2992882.321
11049,0.182,32333116.718,3159917.098,10043331.314,5478870.531,91715270.712,65721401.339,59382153.994,6883414.216,33388284.621,2318953.432
11050,0.149,85759368.162,5158353.077,11124546.659,7845160.614,133492108.253,112679677.061,47732740.091,5966193.583,26920308.899,2686807.538
11051,0.18,93011388.483,6390193.131,15727882.539,11855989.356,174739558.827,120570784.399,81728170.344,9337689.409,27559395.916,5465796.225
11052,0.149,148671081.442,5992530.776,10813319.193,7673736.271,162547583.451,128089165.176,13876502.008,4820788.417,-20581916.267,1681205.495
11053,0.156,87376054.525,4616997.647,11595944.348,5578375.403,137529684.064,96777962.441,50153629.539,6978946.701,9401907.916,961377.756
11054,0.154,77002946.002,4684633.905,11731677.652,7746120.16,127785668.079,97752783.534,50782722.077,7047043.747,20749837.532,3061486.255
11055,0.168,108390031.564,10547508.113,13872032.317,13021073.007,153517442.649,121122113.966,45127411.085,3324524.204,12732082.402,2473564.894
11056,0.169,143593627.33,7541979.398,19104464.223,12240768.181,239794609.763,174587386.3,96200982.433,11562484.825,30993758.97,4698788.783
11057,0.15,108846622.984,7800119.603,11814661.542,9454938.323,149808252.214,120199819.431,40961629.23,4014541.94,11353196.447,1654818.721
11290,0.208,110664026.437,6278995.605,23523958.379,17436468.82,204751188.597,151048488.508,94087162.16,17244962.775,40384462.071,11157473.216
11291,0.21,115012346.143,10466231.041,24885427.826,21215536.936,203433859.93,155915225.026,88421513.787,14419196.785,40902878.883,10749305.895
11294,0.215,88308852.251,4785288.065,21034559.755,13850202.926,183733823.638,130185610.229,95424971.387,16249271.689,41876757.978,9064914.861
11296,0.226,101615768.613,5839557.4,22113441.954,17078969.616,206548840.78,161030369.933,104933072.167,16273884.554,59414601.32,11239412.217
11297,0.193,87550882.621,5489206.113,15211502.964,15542178.437,175538783.439,137398909.246,87987900.818,9722296.851,49848026.625,10052972.324
11298,0.19,29067364.972,3629102.883,16566753.01,10029251.998,142844090.803,115811856.407,113776725.832,12937650.128,86744491.435,6400149.115
11299,0.17,27945883.585,2058603.413,6579099.857,4335331.774,54887912.33,40553960.099,26942028.745,4520496.444,12608076.514,2276728.361
11300,0.175,91982252.165,4504485.158,14492686.05,10468412.167,174779776.181,129032482.586,82797524.017,9988200.892,37050230.421,5963927.009
11301,0.176,97689808.076,7421810.837,16541548.472,11932697.648,174578976.191,124653930.46,76889168.115,9119737.635,26964122.384,4510886.811
11302,0.205,138048191.116,8159238.793,26519063.124,20864863.596,266035880.063,199237818.918,127987688.947,18359824.331,61189627.802,12705624.803
11303,0.164,121861780.659,10620244.182,16065690.74,11400060.959,162630078.067,120228797.874,40768297.408,5445446.558,-1632982.785,779816.778
11304,0.16,130174881.803,5922720.49,15996861.254,10429212.322,194658955.349,142646639.56,64484073.546,10074140.764,12471757.757,4506491.832
11306,0.168,140832229.148,6227682.972,15568063.237,11067127.339,218341639.377,159771036.498,77509410.229,9340380.265,18938807.35,4839444.367
11307,0.181,114301989.695,4524265.035,16784661.223,12446493.795,188618690.047,140816959.935,74316700.351,12260396.189,26514970.239,7922228.76
11308,0.171,116358439.602,5462144.053,16714352.656,10602540.452,180598591.407,140568601.112,64240151.805,11252208.602,24210161.51,5140396.399
11309,0.199,138148168.594,7404482.179,26418026.256,19616514.962,257344148.518,190605911.557,119195979.924,19013544.077,52457742.963,12212032.783
11310,0.21,137387087.285,7065808.958,24161884.213,19328174.196,264955206.445,192496642.769,127568119.16,17096075.255,55109555.484,12262365.237
11312,0.181,155634793.766,8706271.208,25344024.585,17822414.179,249171480.469,199004560.2,93536686.704,16637753.377,43369766.435,9116142.971
11313,0.132,144890346.001,5743588.733,11310161.679,7573593.569,184469943.235,159859309.162,39579597.234,5566572.946,14968963.16,1830004.835
11314,0.159,151638231.782,6015469.106,16293631.784,10783785.267,226735464.943,180555771.279,75097233.161,10278162.679,28917539.497,4768316.161
11315,0.155,154775609.119,5563224.996,15478635.131,12027219.563,226385002.094,179213671.408,71609392.975,9915410.135,24438062.289,6463994.567
11316,0.15,142860696.358,5925315.801,12706762.963,8717772.149,181242534.322,165437945.369,38381837.964,6781447.162,22577249.011,2792456.349
11317,0.14,142034039.651,5836732.937,10817289.602,9428659.045,180705510.364,151282338.825,38671470.713,4980556.666,9248299.174,3591926.108
11318,0.317,127037447.365,389493.336,9229776.239,-910593.993,97953687.314,99563241.243,-29083760.051,8840282.903,-27474206.123,-1300087.328
11319,0.158,125080992.849,-4092883.298,6914025.125,10393124.913,181956955.753,164655714.964,56875962.904,11006908.423,39574722.115,14486008.211
11321,0.19,98645828.998,6275760.93,20935715.16,15598277.573,181740798.795,135635159.962,83094969.797,14659954.23,36989330.964,9322516.644
11322,0.178,94563079.213,4677533.164,16147410.691,13241624.021,154453690.125,122029127.28,59890610.912,11469877.528,27466048.066,8564090.857
11323,0.171,93088591.488,4127459.587,16140505.444,10564764.141,165853954.504,123288204.959,72765363.016,12013045.857,30199613.471,6437304.554
11326,0.19,92551490.969,5440467.231,24428991.824,18527948.921,171305582.733,132529632.139,78754091.764,18988524.593,39978141.17,13087481.69
11327,0.208,90404814.178,6311818.018,27352487.541,19911580.878,182673290.66,140687037.868,92268476.483,21040669.523,50282223.69,13599762.86
11328,0.199,94299700.194,7471703.922,22683369.645,18905794.16,178856651.154,129056525.905,84556950.96,15211665.723,34756825.711,11434090.238
11329,0.227,72066676.783,7274603.043,25536028.213,18764745.235,143352385.368,112110487.879,71285708.585,18261425.17,40043811.096,11490142.192
11330,0.23,96348184.897,10725572.98,14704792.399,21145884.477,167730582.259,148770474.947,71382397.362,3979219.42,52422290.05,10420311.497
11331,0.219,82669254.351,6793155.607,24504411.3,19266404.745,154284316.633,125269048.753,71615062.281,17711255.693,42599794.402,12473249.137
11332,0.204,87912036.084,6804575.139,16849289.54,22468253.256,180645484.674,141067246.411,92733448.59,10044714.4,53155210.327,15663678.116
11333,0.217,62079414.636,5074465.978,21036696.999,15223435.899,116827456.246,95042392.023,54748041.611,15962231.021,32962977.387,10148969.921
11334,0.202,83451230.762,6758480.05,20665522.89,16121919.397,131829058.161,116433586.697,48377827.399,13907042.839,32982355.936,9363439.346
11335,0.203,95249343.392,8375831.264,21383764.594,20516808.67,160861520.014,126381640.341,65612176.622,13007933.33,31132296.949,12140977.406
11336,0.222,94857722.161,11192591.287,15421872.178,25720891.389,149782239.717,127364174.486,54924517.556,4229280.891,32506452.326,14528300.102
11337,0.169,94213394.173,13829598.7,14260630.743,15518572.848,82089180.687,84793581.234,-12124213.486,431032.043,-9419812.939,1688974.148
11338,0.211,76766041.836,5265979.054,20310817.325,15286533.279,138861871.69,114894717.727,62095829.854,15044838.271,38128675.892,10020554.226
11339,0.222,79936335.325,5452413.458,27842309.018,20740993.131,163490907.897,122351185.142,83554572.572,22389895.56,42414849.816,15288579.674
11340,0.223,84181332.588,5921918.875,30156533.879,21120919.56,174387239.57,130239689.736,90205906.982,24234615.004,46058357.148,15199000.685
11341,0.223,81923214.155,5743490.378,25513494.785,19005672.173,162947655.872,120089316.174,81024441.717,19770004.407,38166102.019,13262181.795
11343,0.244,72413032.847,6079560.99,24066248.434,16675200.61,146444669.235,109932667.441,74031636.388,17986687.444,37519634.594,10595639.62
11344,0.224,91338210.692,6469284.675,25607601.173,18089805.961,194490708.679,123213817.112,103152497.987,19138316.498,31875606.42,11620521.286
11345,0.243,70848425.433,5793431.948,26594149.292,19339075.598,153594404.909,120737401.835,82745979.476,20800717.344,49888976.401,13545643.651
11346,0.239,84658141.934,9261749.362,23663730.06,18746344.257,186090753.921,125243334.306,101432611.988,14401980.698,40585192.372,9484594.895
11347,0.253,73229521.554,6202655.889,24104848.002,17992625.09,140727532.743,112107081.394,67498011.189,17902192.114,38877559.84,11789969.201
11348,0.227,80544948.29,5439108.832,27406274.855,20019713.874,178375051.729,128656197.249,97830103.439,21967166.023,48111248.959,14580605.043
11350,0.192,100129486.984,5736342.619,24018255.373,14213563.647,183208714.156,131083163.372,83079227.172,18281912.754,30953676.388,8477221.028
11354,0.161,110455963.065,5009141.371,13359762.148,7611613.636,175583594.113,136178357.752,65127631.048,8350620.777,25722394.686,2602472.264
11355,0.183,121932881.193,8888837.177,8559414.209,21574757.018,182235570.317,144039613.251,60302689.123,-329422.968,22106732.057,12685919.841
11356,0.161,123311858.184,8101626.935,14455729.843,12291305.587,171418809.514,137415490.781,48106951.33,6354102.908,14103632.597,4189678.652
11357,0.155,127801093.201,4202433.074,12872109.467,9954435.937,195082068.704,146963322.224,67280975.502,8669676.394,19162229.023,5752002.864
11358,0.18,95095733.893,3893706.522,16200551.793,13642846.573,177337990.682,141099629.917,82242256.789,12306845.271,46003896.024,9749140.05
11359,0.183,120898654.366,6713590.869,23324278.053,12740030.216,219001291.528,147680537.025,98102637.162,16610687.184,26781882.659,6026439.347
11360,0.176,124003433.751,6945907.586,17882387.971,13394649.369,188519792.842,147875565.132,64516359.092,10936480.385,23872131.381,6448741.783
11361,0.152,121725826.647,5219059.956,14344360.694,9938070.448,195659195.716,149930417.323,73933369.069,9125300.738,28204590.676,4719010.491
11362,0.155,105927782.23,5244573.526,16153371.455,10561643.658,174742666.534,127341836.913,68814884.304,10908797.93,21414054.683,5317070.132
11363,0.141,106120711.655,5654935.551,15562503.096,9950746.308,172674870.325,120467426.675,66554158.67,9907567.546,14346715.02,4295810.757
11364,0.186,88803818.666,4599376.033,18834814.245,13584646.51,170982603.371,124042876.891,82178784.705,14235438.213,35239058.225,8985270.478
11366,0.143,129065732.783,5562874.188,12141937.158,10274851.182,181365157.646,141800437.074,52299424.863,6579062.97,12734704.291,4711976.994
11367,0.167,109518838.464,6850619.386,17653178.453,10292998.36,184481502.692,139315481.827,74962664.228,10802559.067,29796643.362,3442378.973
11368,0.16,103662365.83,5556996.686,18220533.563,11649940.417,179345371.03,137769360.895,75683005.199,12663536.878,34106995.065,6092943.731
11369,0.182,100436877.237,4927091.75,19966177.648,13985100.991,177418078.01,134574633.678,76981200.772,15039085.898,34137756.441,9058009.241
11370,0.168,107785684.906,6019881.48,19223247.282,11831705.549,178828379.799,132047848.997,71042694.893,13203365.802,24262164.091,5811824.069
11371,0.205,93354177.981,4913231.789,20727496.623,15397443.226,192289982.438,141728288.647,98935804.457,15814264.834,48374110.666,10484211.438
11372,0.189,101387631.006,5894568.722,17519829.213,12122432.543,171937986.581,125791530.415,70550355.575,11625260.491,24403899.409,6227863.82
11373,0.155,100291617.995,5293609.183,13634984.5,11509362.23,155435309.355,132767770.917,55143691.36,8341375.317,32476152.922,6215753.047
11374,0.181,108038029.03,5310734.723,18976599.99,11851426.178,185371547.412,136146958.509,77333518.382,13665865.267,28108929.48,6540691.454
11375,0.177,98239284.866,4555741.086,20836804.245,15168127.47,173187239.067,137652613.6,74947954.201,16281063.159,39413328.734,10612386.384
11376,0.165,101539726.795,4823707.447,19302542.116,13049681.143,191853009.802,136724349.877,90313283.007,14478834.669,35184623.082,8225973.696
11377,0.183,96119979.38,4953077.611,20629162.567,13313839.098,192027643.932,135486435.846,95907664.552,15676084.956,39366456.466,8360761.487
11378,0.169,96418013.396,5260397.484,18803620.327,11990897.462,182772600.609,135333046.989,86354587.212,13543222.843,38915033.593,6730499.977
11379,0.173,107409434.853,6819444.853,16897739.06,13633045.209,185405890.22,134731982.367,77996455.367,10078294.207,27322547.514,6813600.356
11380,0.181,78506505.329,5000138.525,16948959.765,12068189.904,145858949.464,110110579.316,67352444.135,11948821.24,31604073.987,7068051.379
11381,0.154,110245688.392,6272070.585,17944423.672,13747493.216,187464756.828,134359014.472,77219068.436,11672353.087,24113326.08,7475422.631
11382,0.191,67709379.233,3814889.918,19978473.121,11348734.397,164702721.502,122734517.597,96993342.268,16163583.203,55025138.364,7533844.479
11383,0.216,82031732.551,4479737.885,22331687.018,14657783.315,177437299.036,123862004.927,95405566.485,17851949.133,41830272.376,10178045.43
11384,0.208,86813811.563,4774517.606,18660460.23,14567542.229,157567169.36,120716200.942,70753357.797,13885942.624,33902389.38,9793024.623
11385,0.23,85599119.188,5806206.213,23781857.448,18261921.617,181252274.309,119608585.276,95653155.121,17975651.235,34009466.088,12455715.404
11386,0.22,75247254.653,5345146.875,25335497.474,16441166.712,165552841.696,120674969.359,90305587.043,19990350.599,45427714.706,11096019.837
11387,0.253,76481233.419,6166388.93,27108464.51,21196743.881,162794470.371,119900825.606,86313236.952,20942075.58,43419592.188,15030354.951
11388,0.225,89697344.866,6624335.908,28535322.843,20971562.317,181651189.984,137383097.242,91953845.118,21910986.936,47685752.376,14347226.409
11389,0.248,83204437.541,6813236.071,28606712.35,21139572.865,168286855.751,125666900.668,85082418.21,21793476.279,42462463.127,14326336.795
11390,0.173,97179344.441,5350490.042,20288589.156,15308766.104,176550119.759,128143625.338,79370775.317,14938099.114,30964280.896,9958276.062
11391,0.173,96478606.753,5752664.468,17830051.126,12213863.794,165172543.575,122132686.847,68693936.822,12077386.658,25654080.094,6461199.326
11392,0.189,97194352.19,5629451.892,22677154.829,14631245.521,179391457.813,132712657.703,82197105.623,17047702.937,35518305.513,9001793.63
11393,0.179,87350553.913,4717363.32,17790163.023,12572694.664,179006082.791,119237937.607,91655528.878,13072799.703,31887383.695,7855331.344
11394,0.206,82738044.248,4716196.581,26434201.411,16442647.352,175690516.504,128456775.346,92952472.256,21718004.83,45718731.097,11726450.77
11395,0.208,83615330.525,5316556.664,24194346.211,20051109.812,175829022.292,124707430.4,92213691.767,18877789.547,41092099.875,14734553.148
11396,0.173,112457867.804,5799938.32,19580140.251,12899268.336,176925535.206,131947550.445,64467667.402,13780201.931,19489682.641,7099330.016
11398,0.215,94001672.142,5494769.268,23651069.948,19568690.872,176945887.783,135378407.161,82944215.64,18156300.68,41376735.019,14073921.604
11399,0.222,91431713.349,6118448.927,27009090.007,20046332.5,194814908.71,142559862.73,103383195.361,20890641.08,51128149.381,13927883.573
11400,0.241,93277407.593,8156344.545,19602832.713,21488069.342,188901483.81,140083235.19,95624076.217,11446488.168,46805827.597,13331724.797
11401,0.254,83490364.735,7424058.613,26080079.482,23281481.428,162630141.876,131065824.42,79139777.141,18656020.869,47575459.685,15857422.815
11402,0.239,96980511.602,8244797.35,29034141.755,22370991.537,215523444.043,144072772.643,118542932.441,20789344.404,47092261.042,14126194.187
11403,0.197,109979145.551,6204463.063,24264336.922,18222787.016,205458278.996,159490973.768,95479133.445,18059873.859,49511828.218,12018323.953
11404,0.198,99158369.057,6864080.962,22793842.839,16908235.654,197189608.188,144789045.979,98031239.132,15929761.877,45630676.922,10044154.692
11406,0.212,98798145.427,5717324.622,23130119.576,18753527.299,190039034.171,154917880.46,91240888.744,17412794.954,56119735.033,13036202.677
11407,0.236,95262261.284,5664897.33,25939995.794,20062777.695,213263214.19,147991655.987,118000952.906,20275098.464,52729394.703,14397880.365
11408,0.237,78723379.386,6938711.438,24193222.85,19750496.545,196188546.456,125653173.829,117465167.07,17254511.412,46929794.444,12811785.107
11409,0.242,101793832.558,6684105.301,19273606.142,22693338.543,214517914.167,152499430.185,112724081.609,12589500.841,50705597.627,16009233.243
11410,0.232,94465635.881,5822235.875,27375956.77,19818234.107,198440930.883,137466882.415,103975295.001,21553720.895,43001246.534,13995998.232
11411,0.232,89263516.576,4895732.773,27857369.956,18731215.299,188137835.84,136568466.703,98874319.264,22961637.184,47304950.127,13835482.526
11412,0.237,107773451.721,6099357.334,25649031.913,20280249.136,213136415.583,156188437.629,105362963.862,19549674.579,48414985.908,14180891.801
11413,0.25,72467341.555,4507432.219,26480252.835,18610512.517,157325906.746,117915231.804,84858565.191,21972820.616,45447890.249,14103080.298
11414,0.249,80561322.301,5683194.972,25168405.949,19822843.879,160509576.295,130500851.598,79948253.994,19485210.977,49939529.297,14139648.908
11415,0.25,75528833.27,6086486.651,26311153.61,17285562.573,163853194.823,118579780.626,88324361.554,20224666.959,43050947.356,11199075.922
11416,0.248,70065890.191,5442403.132,24755616.343,19901284.151,147579519.184,121259980.074,77513628.994,19313213.211,51194089.883,14458881.019
11417,0.258,81419876.148,7774138.267,22750612.585,22016732.891,125063337.059,112844274.931,43643460.911,14976474.318,31424398.783,14242594.624
11418,0.236,96382963.267,7181496.695,29925660.338,20993987.581,204460405.08,139741785.091,108077441.813,22744163.643,43358821.823,13812490.886
11419,0.241,72764214.482,6113299.249,28310328.168,21717150.114,165816084.777,120738608.018,93051870.295,22197028.919,47974393.536,15603850.865
11420,0.198,76611197.424,7081614.934,22410607.297,14120590.168,151899302.505,101303426.464,75288105.081,15328992.364,24692229.04,7038975.235
11421,0.205,81036043.288,1805580.275,19765345.68,16291211.111,161834677.45,114065194.856,80798634.162,17959765.404,33029151.568,14485630.835
11422,0.2,91202745.422,8046526.153,26952112.191,15109966.745,183215938.213,117348047.057,92013192.791,18905586.039,26145301.635,7063440.593
11423,0.192,95474274.433,6874044.502,20493383.634,15407193.986,174702064.907,125608679.628,79227790.474,13619339.132,30134405.195,8533149.484
11424,0.185,115806792.527,6783268.075,25567998.075,14624344.946,208122793.68,144396666.919,92316001.152,18784730,28589874.391,7841076.872
11425,0.191,111563985.417,6803740.9,23958087.669,16388329.272,200867580.877,129012475.043,89303595.46,17154346.769,17448489.626,9584588.372
11426,0.182,99067444.98,5789113.593,21358809.012,15211357.082,176066838.705,125102259.337,76999393.725,15569695.419,26034814.356,9422243.489
11427,0.218,102976470.813,8282768.74,25870383.34,18426541.87,212974176.857,141462981.009,109997706.044,17587614.6,38486510.196,10143773.13
11428,0.21,106098734.129,6742107.396,27744388.259,20429708.248,212149706.409,150241224.634,106050972.28,21002280.863,44142490.505,13687600.852
11429,0.216,91591718.773,10349592.795,20238215.175,18894909.148,132116887.036,121060653.248,40525168.262,9888622.38,29468934.475,8545316.353
11430,0.207,99737446.077,6752979.391,29857340.113,19308643.53,202791518.295,136886600.115,103054072.218,23104360.722,37149154.038,12555664.14
11431,0.197,86441197.022,4663395.878,21736118.33,14304400.364,180073757.075,127665762.543,93632560.053,17072722.452,41224565.521,9641004.486
11433,0.189,93078633.444,5680445.94,16272425.578,11568272.079,172805688.78,122029971.922,79727055.336,10591979.638,28951338.477,5887826.139
11434,0.185,122360293.598,7346936.313,18869383.986,12314836.44,217653638.91,158439707.89,95293345.312,11522447.673,36079414.293,4967900.127
11435,0.179,130136610.339,6778352.157,18024543.131,11931664.544,216366567.132,168734153.121,86229956.792,11246190.973,38597542.781,5153312.387
11436,0.155,127069841.751,6076083.71,14026420.574,10166833.645,189246057.694,160970634.017,62176215.943,7950336.864,33900792.266,4090749.935
11437,0.164,113766738.785,7566097.003,13679201.95,10533764.426,156422430.735,128421432.864,42655691.951,6113104.947,14654694.079,2967667.423
11438,0.156,136787899.889,5279177.437,11268066.378,9115041.055,190366625.866,161038695.623,53578725.976,5988888.941,24250795.733,3835863.619
11440,0.17,131972485.605,6500797.332,16350276.417,12738873.295,186714744.878,155897027.287,54742259.273,9849479.086,23924541.682,6238075.963
11441,0.16,119262895.528,5805257.567,14672230.494,9466597.754,178320849.933,144950699.735,59057954.405,8866972.927,25687804.207,3661340.187
11442,0.159,126676070.902,4819487.101,12911442.148,10481447.38,166492419.483,146790124.733,39816348.581,8091955.047,20114053.831,5661960.279
11443,0.155,167169730.919,5861181.992,16480623.721,11201919.54,201162233.582,165306446.165,33992502.664,10619441.73,-1863284.754,5340737.548
11444,0.162,126995470.369,6089092.083,14213708.864,10615126.422,180258022.755,155427679.531,53262552.385,8124616.781,28432209.162,4526034.339
11445,0.163,95376596.878,4482422.353,11214128.518,7413443.102,152241085.16,123216453.32,56864488.282,6731706.165,27839856.442,2931020.749
11446,0.187,120727423.203,6474665.279,16887618.361,11046985.236,211658638.697,151725492.906,90931215.494,10412953.081,30998069.703,4572319.957
11447,0.171,101050341.253,5170945.777,13571047.848,10054982.069,159539884.253,126892689.804,58489543,8400102.072,25842348.551,4884036.292
11448,0.168,95328755.512,4507298.62,11916096.329,8285719.821,157532172.092,119173425.507,62203416.579,7408797.709,23844669.995,3778421.201
11449,0.165,60097656.451,5147637.977,12440807.459,8700019.812,94246092.222,76565234.384,34148435.771,7293169.482,16467577.932,3552381.834
11450,0.2,95833317.548,5761230.478,19831577.311,15118028.682,177112120.761,133876767.556,81278803.213,14070346.833,38043450.008,9356798.204
11452,0.154,66924703.752,5589969.882,13282286.469,9653651.204,103252223.487,84647756.621,36327519.735,7692316.587,17723052.869,4063681.322
11453,0.177,82445529.787,6335213.952,17129881.696,13934270.649,153436352.099,121751450.211,70990822.312,10794667.743,39305920.424,7599056.696
11454,0.189,96855288.216,7865931.974,22684045.165,14007846.692,199857484.912,137146068.232,103002196.696,14818113.191,40290780.016,6141914.718
11455,0.182,73151559.493,5412518.903,13871765.182,11120427.282,120333292.482,99383166.105,47181732.989,8459246.278,26231606.612,5707908.378
11457,0.163,121565236.728,5543699.394,12991231.028,8441052.776,185313754.159,149492521.094,63748517.431,7447531.634,27927284.366,2897353.382
11458,0.173,127737633.4,6259068.289,17091003.61,10388991.808,207281231.424,158192930.229,79543598.025,10831935.322,30455296.829,4129923.519
11459,0.185,103031070.191,5220424.018,16809380.104,11576395.658,178161189.668,138079166.365,75130119.477,11588956.086,35048096.175,6355971.64
11460,0.181,126115756.477,5967494.339,18715819.361,12756719.7,214037625.033,166803915.881,87921868.556,12748325.023,40688159.405,6789225.361
11461,0.17,101740413.879,6069092.458,14805234.062,10515910.96,167096405.532,130348624.664,65355991.653,8736141.603,28608210.785,4446818.502
11462,0.163,115222285.665,6550520.633,14914021.749,10245228.444,185835805.878,143910172.845,70613520.214,8363501.117,28687887.18,3694707.811
11463,0.189,119536718.524,6233965.145,18145553.682,12891540.294,214947816.492,161619664.317,95411097.967,11911588.538,42082945.793,6657575.149
11464,0.165,100427413.502,8095361.58,13569135.772,10637103.118,138376642.218,108191621.174,37949228.716,5473774.192,7764207.672,2541741.538
11465,0.17,98479143.618,5318920.646,13578174.829,9560944.646,186970514.663,137567362.769,88491371.045,8259254.183,39088219.151,4242024
11466,0.162,94104493.373,5292435.087,12550306.693,8723771.821,140096996.263,109027427.383,45992502.89,7257871.606,14922934.01,3431336.734
11467,0.162,111039375.896,7048759.992,15079432.21,8609344.454,165821021.06,128141698.634,54781645.164,8030672.218,17102322.738,1560584.463
11468,0.162,105342739.755,5543385.286,13183178.772,7424586.242,183085386.635,118132400.609,77742646.88,7639793.486,12789660.853,1881200.955
11469,0.167,121130253.691,5233275.926,14474893.782,10872948.249,207676394.019,153966643.009,86546140.328,9241617.855,32836389.318,5639672.323
11470,0.164,119348442.078,4850392.693,13986217.157,9457299.734,191048937.944,158133519.696,71700495.866,9135824.463,38785077.618,4606907.041
11473,0.217,89496590.975,4824279.022,18748757.075,16613193.583,155756156.55,131190356.063,66259565.574,13924478.053,41693765.088,11788914.561
11476,0.198,108578973.638,6111760.034,20404296.743,15500857.118,207586407.392,152404091.334,99007433.754,14292536.709,43825117.696,9389097.084
11477,0.182,113874236.549,5611811.812,16300200.297,14357318.28,194414907.963,147677835.121,80540671.415,10688388.486,33803598.573,8745506.468
11478,0.184,102036505.277,5506847.23,17675947.761,13660592.931,176924002.616,138827510.018,74887497.34,12169100.531,36791004.742,8153745.701
11479,0.152,142240095.946,12336219.96,14811907.999,11143025.871,198783574.098,148480893.454,56543478.152,2475688.039,6240797.508,-1193194.089
11480,0.139,129590008.786,5527065.916,12160701.713,10646068.75,183517793.939,145410749.15,53927785.152,6633635.796,15820740.364,5119002.834
11481,0.145,126821666.433,4330514.006,15608502.329,10698899.627,199205494.816,138851151.855,72383828.382,11277988.323,12029485.422,6368385.621
11482,0.186,108331660.731,4386997.556,16523541.795,10461851.942,189853298.799,143731801.386,81521638.068,12136544.239,35400140.655,6074854.386
11483,0.144,135387249.143,4916190.277,13030504.048,9694886.152,181132016.594,144428723.59,45744767.45,8114313.771,9041474.447,4778695.874
11484,0.157,119626592.898,3561041.598,13466799.951,10207686.179,171616346.018,136247004.668,51989753.121,9905758.353,16620411.77,6646644.581
11485,0.16,124726493.823,4607406.223,12169050.485,9909142.015,179406844.268,146138160.829,54680350.445,7561644.263,21411667.007,5301735.793
11489,0.195,108309668.422,5437573.837,19751080.254,15353085.552,173687959.319,144268726.444,65378290.897,14313506.417,35959058.023,9915511.715
11490,0.208,93565888.842,5345629.008,18691279.728,13439410.371,185202658.546,142762228.127,91636769.704,13345650.721,49196339.286,8093781.363
11491,0.207,110914112.026,6485548.415,20308451.389,13611556.199,191261409.092,147843366.456,80347297.066,13822902.974,36929254.43,7126007.784
11492,0.188,114757752.459,5314505.216,18686817.469,14540274.77,185374318.057,145405579.407,70616565.599,13372312.253,30647826.948,9225769.554
11493,0.187,104974672.268,5198878.79,18109033.821,13062740.292,173062864.329,138987297.167,68088192.061,12910155.031,34012624.9,7863861.502
11494,0.202,101813772.338,4408667.618,18547700.844,13452570.848,199324962.74,150144188.165,97511190.402,14139033.225,48330415.827,9043903.23
11495,0.209,99175874.632,5664330.674,23536451.374,17765787.433,193727804.664,145742339.312,94551930.032,17872120.7,46566464.68,12101456.758
11496,0.228,94299306.836,6345403.93,26432804.731,18494673.01,191292674.425,143657964.901,96993367.589,20087400.801,49358658.066,12149269.079
11497,0.195,95408568.72,5026264.518,22350586.081,16895807.424,193605181.315,148210461.828,98196612.595,17324321.563,52801893.108,11869542.906
11498,0.223,75919019.314,5519481.271,26942078.146,18475172.298,185200955.514,133127188.896,109281936.2,21422596.875,57208169.582,12955691.027
11499,0.243,75666947.047,6184145.572,26246182.39,16943841.669,173600129.494,120983236.05,97933182.446,20062036.818,45316289.003,10759696.097
11500,0.203,94607472.584,6016403.589,20556961.639,15668332.845,156052658,127352120.917,61445185.416,14540558.05,32744648.333,9651929.256
11501,0.21,98727134.065,5463688.833,23506851.104,18080511.48,193578118.23,141967934.253,94850984.164,18043162.271,43240800.188,12616822.648
11503,0.198,98034345.906,4559914.505,23460571.195,15972590.48,185263922.453,145938935.879,87229576.547,18900656.69,47904589.973,11412675.975
11504,0.127,135888880.474,4172276.08,10125833.285,7319782.028,177949714.373,147831251.716,42060833.899,5953557.205,11942371.242,3147505.948
11505,0.148,159143542.145,6487800.337,22758557.467,10226549.945,221732071.644,158040018.326,62588529.498,16270757.129,-1103523.819,3738749.608
11506,0.182,159196689.799,8530979.105,22180361.045,14322885.747,239603786.768,190314558.089,80407096.969,13649381.94,31117868.29,5791906.641
11509,0.147,134995102.497,5851546.96,17274749.903,10540675.662,214807900.934,170230567.629,79812798.437,11423202.942,35235465.133,4689128.702
11510,0.165,118060178.299,5809133.982,15218232.372,11239444.907,181185639.769,136131336.292,63125461.47,9409098.39,18071157.993,5430310.925
11511,0.125,114659364.319,5242693.574,12315378.867,8148103.898,178145354.836,127923482.165,63485990.517,7072685.293,13264117.846,2905410.324
11512,0.14,133760141.235,4147233.659,13550322.207,9911522.384,206961036.295,153474110.519,73200895.06,9403088.548,19713969.284,5764288.725
11513,0.134,136793445.277,5724850.544,13467590.395,8889499.664,209563550.382,160715274.775,72770105.106,7742739.851,23921829.499,3164649.119
11514,0.154,134607836.016,7211540.605,15344706.763,10588390.081,190580653.731,148150136.668,55972817.715,8133166.158,13542300.653,3376849.476
11515,0.14,116279651.437,6971898.233,14066198.788,11021984.037,155402997.393,127066863.636,39123345.956,7094300.555,10787212.199,4050085.805
11516,0.141,123938358.919,5099846.678,13192910.32,10033215.16,189941058.852,144234812.644,66002699.933,8093063.642,20296453.725,4933368.482
11517,0.157,105171771.686,4354011.213,12938287.776,8846703.134,157938368.245,125404603.167,52766596.559,8584276.563,20232831.481,4492691.921
11518,0.163,97510522.465,6390272.225,12779221.916,11923532.555,150595296.606,127169827.548,53084774.141,6388949.691,29659305.083,5533260.33
11519,0.154,113655796.836,6537782.567,13101133.966,10065580.813,161320645.308,129795213.146,47664848.472,6563351.399,16139416.311,3527798.246
11520,0.152,112660986.578,6003721.061,14193523.059,11919774.186,185269850.63,151605529.099,72608864.052,8189801.999,38944542.521,5916053.125
11521,0.145,93881864.563,2882090.361,3010395.798,2502776.671,90278412.344,99663470.154,-3603452.219,128305.437,5781605.591,-379313.69
11522,0.168,125247197.94,4391817.52,13882071.203,9057286.555,187440706.342,150141976.328,62193508.402,9490253.683,24894778.388,4665469.036
11523,0.185,113499156.893,5392839.993,17482551.046,12397397.093,190854363.586,142283325.537,77355206.693,12089711.054,28784168.644,7004557.1
11524,0.187,121174156.56,5638954.853,18926672.299,12736311.618,215616009.108,159533235.628,94441852.548,13287717.446,38359079.067,7097356.765
11529,0.202,92626527.179,5829533.928,17406726.469,14282389.4,165632460.614,135993065.193,73005933.435,11577192.541,43366538.014,8452855.472
11530,0.19,93188732.208,6761078.82,19719735.486,12559070.912,161633853.533,118235883.986,68445121.325,12958656.666,25047151.778,5797992.092
11531,0.193,86410952.147,5893476.729,17511893.017,12426949.834,161266154.476,120397045.407,74855202.329,11618416.288,33986093.26,6533473.106
11533,0.193,88258126.911,5057409.68,16667867.538,10194476.062,173534810.316,130609075.611,85276683.405,11610457.857,42350948.7,5137066.381
11534,0.199,98199048.604,4491000.535,18370212.261,13580782.28,189384068.806,136047774.107,91185020.203,13879211.726,37848725.503,9089781.745
11535,0.199,105912417.598,5172087.822,20599591.949,12785885.016,199636404.49,143493652.027,93723986.892,15427504.127,37581234.429,7613797.195
11536,0.212,97171740.822,5592155.694,22369104.789,16486984.463,197649388.388,145721896.935,100477647.566,16776949.095,48550156.113,10894828.769
11538,0.194,85018429.42,5560697.39,17909199.274,14212218.511,155494664.261,123860417.551,70476234.841,12348501.884,38841988.131,8651521.121
11553,0.211,101447404.743,9470151.898,21390295.958,18367710.979,169082226.459,136180961.657,67634821.716,11920144.06,34733556.914,8897559.081
11554,0.216,82589690.594,5499538.634,22234348.247,17565505.186,174623037.039,131641246.221,92033346.445,16734809.613,49051555.627,12065966.552
11555,0.212,102969696.812,5875474.926,22604003.415,15420864.448,193169883.038,142982100.233,90200186.226,16728528.489,40012403.421,9545389.521
11556,0.211,105730859.225,5774673.14,21280638.299,17572624.971,192986622.883,150773118.278,87255763.658,15505965.158,45042259.053,11797951.83
11557,0.229,118821962.92,7250004.989,27334828.648,17452023.237,242665291.727,172091092.676,123843328.808,20084823.659,53269129.756,10202018.248
11558,0.218,111887666.586,5495662.325,24945968.778,19782924.229,212525754.465,175772587.284,100638087.879,19450306.453,63884920.698,14287261.904
11559,0.208,120840080.087,6094414.029,27526156.681,20209143.608,239196238.21,177816428.172,118356158.123,21431742.652,56976348.085,14114729.579
11560,0.159,125804171.453,6063581.012,15721575.371,8118242.046,192536967.326,140352309.651,66732795.873,9657994.358,14548138.198,2054661.034
11561,0.158,130072364.744,6755447.412,17287583.869,10365677.096,198085200.662,143045378.887,68012835.919,10532136.456,12973014.143,3610229.684
11562,0.198,122427205.727,6025757.417,25186701.277,15887140.33,230864099.134,170302012.344,108436893.407,19160943.859,47874806.617,9861382.912
11563,0.182,137869634.286,6009674.119,21110184.186,14112149.733,227159246.927,173179890.254,89289612.641,15100510.067,35310255.968,8102475.615
11564,0.187,93922320.015,4663011.783,21580364.799,16094363.572,174957453.957,124929431.84,81035133.943,16917353.016,31007111.826,11431351.789
11565,0.18,104152000.013,4722983.409,19807355.217,14288568.254,179792451.986,125294695.581,75640451.972,15084371.808,21142695.568,9565584.845
11566,0.215,86643686.684,5829973.533,23043966.389,16440815.054,180077592.9,123186458.411,93433906.216,17213992.856,36542771.727,10610841.521
11567,0.199,89623655.312,5933201.393,20780046.72,15133763.553,172416052.823,125636353.689,82792397.511,14846845.328,36012698.378,9200562.16
11568,0.19,95078279.827,4851251.11,21715841.41,14660259.028,168769394.189,128462513.672,73691114.362,16864590.3,33384233.846,9809007.918
11569,0.22,75797342.629,5299373.543,24343052.842,17642348.36,169236594.567,120263103.447,93439251.938,19043679.299,44465760.819,12342974.817
11570,0.217,86038663.562,5717452.736,24784264.214,19375322.689,173097797.445,129631571.345,87059133.883,19066811.478,43592907.783,13657869.953
11571,0.145,119973192.234,3685461.952,10985012.592,9472784.373,170000350.601,129706173.518,50027158.367,7299550.639,9732981.285,5787322.421
11572,0.139,117810165.864,6175328.503,13643884.308,11169030.426,177844727.599,135244406.44,60034561.736,7468555.805,17434240.576,4993701.923
11573,0.129,123538205.656,4460173.772,9662864.515,9177655.687,170875855.157,127030601.657,47337649.501,5202690.743,3492396.001,4717481.914
11574,0.124,126595909.258,4396391.656,10275767.171,7722844.734,165869951.94,134145996.005,39274042.682,5879375.515,7550086.747,3326453.078
11575,0.186,104932633.448,6701648.206,22410894.61,14194507.799,181775852.086,132386551.309,76843218.638,15709246.404,27453917.86,7492859.593
11576,0.187,112998230.04,6183132.455,21822639.655,16478440.46,176025202.182,157061232.093,63026972.142,15639507.201,44063002.053,10295308.005
11577,0.189,98763460.285,7248632.398,21581268.95,14052557.955,165935676.838,131446332.353,67172216.552,14332636.552,32682872.067,6803925.558
11578,0.198,101579629.165,6017998.635,24122737.301,15857456.672,192198397.174,147914459.326,90618768.009,18104738.667,46334830.161,9839458.037
11579,0.212,117548277.401,6458850.456,24022129.708,18644596.885,194893603.75,153869845.493,77345326.349,17563279.252,36321568.092,12185746.429
11580,0.15,130441022.675,5913634.064,11783095.45,7959187.095,185679418.456,144725803.474,55238395.781,5869461.385,14284780.799,2045553.03
11581,0.148,133631723.897,5871979.538,13402905.06,9329433.08,172606921.812,143439729.586,38975197.914,7530925.522,9808005.689,3457453.542
11582,0.126,121571570.395,5718586.681,12631368.004,8150087.766,158982736.81,126819376.894,37411166.416,6912781.323,5247806.5,2431501.085
11583,0.119,127277468.787,5297245.82,13462154.727,9675100.043,165109969.896,130586594.098,37832501.109,8164908.907,3309125.311,4377854.223
11584,0.148,135028075.732,7232016.764,13050731.241,11429699.092,175544926.364,146989952.643,40516850.632,5818714.477,11961876.91,4197682.328
11585,0.138,106359252.437,6902100.12,17416885.433,11391916.452,176550146.594,127225597.252,70190894.158,10514785.313,20866344.816,4489816.333
11586,0.155,111948173.844,6988434.855,21290524.531,13051593.481,181766324.011,135947741.943,69818150.167,14302089.677,23999568.1,6063158.627
11587,0.148,116653773.63,7790808.102,14227780.549,13016409.716,181672383.332,118961407.072,65018609.702,6436972.447,2307633.443,5225601.614
11588,0.18,123658321.449,5972494.24,18247043.116,15186592.277,193960606.953,143755899.469,70302285.504,12274548.875,20097578.02,9214098.037
11589,0.189,138150989.884,4891923.901,17528827.154,16257890.646,201077347.259,165251038.045,62926357.375,12636903.252,27100048.16,11365966.745
11590,0.209,92264635.923,5137962.975,17865783.685,15644045.368,176922732.011,133469877.852,84658096.088,12727820.71,41205241.928,10506082.394
11591,0.197,92602462.448,5061447.76,20143589.903,15403325.44,176006565.178,134799447.837,83404102.73,15082142.144,42196985.389,10341877.681
11593,0.167,122907460.92,6071331.362,17979650.876,11370109.954,205617529.328,158907575.858,82710068.408,11908319.514,36000114.938,5298778.591
11594,0.149,131044129.785,4329027.718,11881056.506,9453127.384,189305277.097,155331268.124,58261147.313,7552028.788,24287138.34,5124099.666
11595,0.156,146803671.534,6517220.781,16794588.767,13276528.098,223277104.897,180643763.19,76473433.363,10277367.987,33840091.656,6759307.318
11596,0.165,143668355.882,6037013.268,17490822.705,12871691.044,223405578.904,175673659.008,79737223.022,11453809.437,32005303.127,6834677.776
11597,0.178,145941398.212,6732036.118,20050799.32,13512785.643,241217125.236,189980275.362,95275727.024,13318763.202,44038877.151,6780749.525
11598,0.147,114216071.434,6909834.739,14349011.888,10762289.909,153062470.489,122973606.275,38846399.055,7439177.148,8757534.841,3852455.169
11599,0.138,133807226.752,4994626.292,11811230.049,6718577.667,175676961.309,141327482.916,41869734.557,6816603.757,7520256.164,1723951.375
11600,0.174,152877213.767,7860538.882,19445996.004,16260238.863,235021853.061,197869925.792,82144639.294,11585457.122,44992712.025,8399699.981
11601,0.147,111817052.533,6447939.038,11823821.497,8514790.736,143637634.79,125846781.276,31820582.257,5375882.459,14029728.743,2066851.698
11602,0.186,95100239.705,8139358.07,19204530.143,12134464.939,146067227.702,111881549.182,50966987.997,11065172.073,16781309.478,3995106.87
11603,0.209,95947294.073,6054204.033,21758152.015,15577974.186,185657500.744,134432461.691,89710206.67,15703947.982,38485167.617,9523770.153
11604,0.198,81721709.013,6071763.202,16534328.876,11531804.31,144080998.953,107164625.099,62359289.94,10462565.674,25442916.086,5460041.107
11605,0.221,103545219.04,6524056.973,20912570.875,17165371.743,201610464.376,148053812.12,98065245.337,14388513.903,44508593.08,10641314.77
11606,0.21,96205966.919,6555647.122,19670663.932,11635003.192,186989972.815,135395655.342,90784005.896,13115016.81,39189688.423,5079356.07
11607,0.191,97745061.997,5115204.093,18568385.965,11991754.937,198790999.257,136334101.424,101045937.26,13453181.872,38589039.427,6876550.844
11608,0.202,92970935.853,5220651.423,23322156.823,14928258.611,192606481.372,143335532.31,99635545.519,18101505.4,50364596.457,9707607.188
11609,0.201,98913683.755,6099561.436,23029230.942,15077500.649,199776239.997,143520126.846,100862556.242,16929669.506,44606443.092,8977939.213
21105,0.192,90197273.008,7769308.894,14568344.197,15171487.954,159494829.7,185923570.603,69297556.692,6799035.304,95726297.595,7402179.06
21106,0.198,84642581.516,6199316.621,13598348.684,16941501.613,168114640.682,192268979.799,83472059.166,7399032.063,107626398.283,10742184.992
21107,0.187,83259735.275,6915917.833,25431694.001,17940506.118,148116046.57,184710073.681,64856311.294,18515776.168,101450338.405,11024588.285
21108,0.186,87759976.313,5528705.633,24906452.747,15473791.493,163967029.475,207618784.419,76207053.162,19377747.114,119858808.106,9945085.86
21109,0.193,89679967.744,5491446.129,26325303.157,15827055.769,172774568.235,227365354.749,83094600.491,20833857.027,137685387.005,10335609.639
21110,0.206,86739945.585,3971000.369,28029824.479,16512613.179,174396980.521,213548780.462,87657034.936,24058824.111,126808834.877,12541612.81
21111,0.206,82390903.043,6087992.195,22768978.204,17406380.43,170323473.366,211890222.532,87932570.323,16680986.009,129499319.49,11318388.235
21112,0.191,89105723.661,5562133.91,27403415.796,19283488.08,168743813.105,213017912.233,79638089.443,21841281.886,123912188.572,13721354.17
21113,0.208,97260682.87,5857024.596,14925060.752,19385976.534,187370662.564,232654393.629,90109979.693,9068036.157,135393710.759,13528951.938
21114,0.203,95665374.154,5224729.711,30557375.554,18775599.683,184714510.257,227148321.883,89049136.103,25332645.844,131482947.729,13550869.972
21115,0.191,98106719.08,5051742.186,22305492.477,14095236.768,168435326.346,182191922.434,70328607.266,17253750.291,84085203.354,9043494.582
21116,0.212,95888774.732,5498330.819,22050917.285,15278315.989,185668264.153,213377883.229,89779489.42,16552586.466,117489108.497,9779985.169
21117,0.182,84719631.229,5346286.041,19695943.05,21351461.225,112604631.271,115026678.069,27885000.042,14349657.009,30307046.84,16005175.184
21118,0.23,80770704.97,4587660.76,18236720.613,19925056.718,122828890.773,125762195.838,42058185.803,13649059.853,44991490.868,15337395.958
21119,0.252,64475492.824,6423757.535,10473490.282,13190729.149,133891034.289,153915811.029,69415541.465,4049732.747,89440318.206,6766971.615
21121,0.219,78554246.715,5814803.11,13793811.605,17227063.587,184494332.402,223978661.076,105940085.687,7979008.495,145424414.361,11412260.477
21122,0.173,61273717.844,2914610.225,11149209.723,12770712.832,80517947.08,78222149.031,19244229.236,8234599.498,16948431.187,9856102.607
21123,0.196,79901762.785,3517418.729,19691701,14332050.679,137060841.508,173722364.778,57159078.723,16174282.271,93820601.993,10814631.949
21124,0.18,91165562.625,7350398.461,22432047.308,19888371.484,160102822.976,182216880.51,68937260.35,15081648.847,91051317.884,12537973.023
21125,0.239,64896308.666,5564393.919,21491334.546,21986609.823,116766072.502,135974276.185,51869763.836,15926940.627,71077967.519,16422215.904
21126,0.218,66478631.727,3637802.621,19089810.372,21944975.727,123279093.603,135587268.206,56800461.876,15452007.751,69108636.479,18307173.107
21128,0.249,73752238.212,6227168.549,27355549.068,21064984.246,140313930.397,165465506.827,66561692.185,21128380.519,91713268.615,14837815.697
21129,0.22,78171863.24,7121521.641,26398343.215,16203750.624,158095810.203,195083850.481,79923946.963,19276821.575,116911987.241,9082228.983
21130,0.247,77868746.649,4457951.014,25927254.784,23318642.717,148779913.858,185701827.195,70911167.209,21469303.77,107833080.545,18860691.703
21132,0.239,72792544.484,5300766.876,26194820.454,23183434.565,153764165.617,167137371.901,80971621.133,20894053.578,94344827.417,17882667.689
21133,0.206,76810634.161,4874932.211,21915225.972,27790647.392,143708769.698,162554344.391,66898135.537,17040293.761,85743710.23,22915715.18
21134,0.201,82075004.151,5701106.805,22251622.532,15924329.231,168342190.707,184855563.594,86267186.556,16550515.726,102780559.442,10223222.426
21135,0.224,83551384.545,4666346.949,27757636.414,26810315.899,155443276.716,178262741.091,71891892.171,23091289.465,94711356.546,22143968.95
21136,0.216,70446614.504,4332316.818,24845917.823,14222181.981,153201019.624,185092292.353,82754405.12,20513601.004,114645677.849,9889865.163
21137,0.228,69713785.979,4534102.332,23827623.605,26373551.348,135726988.507,157696614.769,66013202.528,19293521.272,87982828.79,21839449.016
21138,0.237,72326159.357,5028799.806,25400374.926,28904430.308,149356501.077,171751275.251,77030341.72,20371575.12,99425115.893,23875630.502
21139,0.219,83775718.748,5480719.896,19983797.876,15291271.487,152397042.024,189958180.174,68621323.276,14503077.98,106182461.426,9810551.591
21140,0.212,74999085.318,7155986.881,27041750.356,16911011.629,149564076.571,176467586.298,74564991.253,19885763.475,101468500.98,9755024.748
21141,0.209,76374129.494,4884718.132,12599129.414,14808024.194,161077733.544,169583366.58,84703604.05,7714411.282,93209237.087,9923306.062
21142,0.212,79404965.282,4779917.671,13345539.481,15702284.945,151561747.093,181698594.354,72156781.811,8565621.809,102293629.073,10922367.274
21143,0.214,79291363.252,6696148.264,21416877.925,17298845.655,159351540.801,203171528.634,80060177.549,14720729.661,123880165.382,10602697.391
21144,0.223,87544742.596,5723462.535,15477671.519,17806108.222,168376515.204,201871048.715,80831772.608,9754208.983,114326306.118,12082645.686
21145,0.226,77604261.469,6004053.93,16136078.897,20520340.098,164195251.702,206297284.471,86590990.233,10132024.967,128693023.002,14516286.168
21146,0.229,89164447.464,5210467.987,16266176.876,22010266.102,194367679.332,237965747.307,105203231.868,11055708.889,148801299.844,16799798.115
21147,0.211,86729783.123,6184028.689,25794526.121,16256190.475,171545031.082,209669475.772,84815247.959,19610497.432,122939692.648,10072161.786
21148,0.206,100736840.799,6354239.99,27515500.74,19158807.34,209491487.661,255728399.056,108754646.862,21161260.75,154991558.256,12804567.35
21149,0.226,87345173.527,6269670.197,17538115.627,20833533.279,187772888.215,241677853.074,100427714.688,11268445.43,154332679.547,14563863.082
21150,0.237,90664543.764,5778369.876,18699112.667,21609002.608,203559372.032,263374341.252,112894828.268,12920742.791,172709797.488,15830632.732
21151,0.218,71350151.853,4786086.53,25741251.32,14676671.529,159439549.403,200285787.179,88089397.55,20955164.79,128935635.326,9890585
21152,0.222,85778528.307,6993450.427,24842638.045,16269792.779,180786956.919,211828672.042,95008428.612,17849187.619,126050143.735,9276342.353
21153,0.225,94040769.933,5913794.57,17572783.349,18089355.263,191559001.5,222435852.189,97518231.567,11658988.778,128395082.255,12175560.692
21154,0.223,77621745.099,2098313.564,16750027.783,18336238.722,227117029.541,240500901.005,149495284.442,14651714.219,162879155.906,16237925.159
21155,0.231,90208381.737,6567618.844,16905734.276,20728264.658,189477738.567,244666453.195,99269356.829,10338115.431,154458071.457,14160645.813
21156,0.192,83282302.742,3038972.189,22582041.459,26016733.861,159050575.548,195244685.431,75768272.806,19543069.27,111962382.689,22977761.672
21157,0.185,80418584.861,4390427.695,22154760.849,24013106.494,154249842.405,183298553.479,73831257.544,17764333.154,102879968.618,19622678.8
21159,0.201,93391589.377,6197485.961,24661486.495,18382840.694,174049512.662,231590143.716,80657923.286,18464000.534,138198554.34,12185354.733
21160,0.194,82640556.58,4192544.936,24622987.602,26791442.89,158429087.316,207097057.906,75788530.736,20430442.667,124456501.326,22598897.954
21161,0.2,91494511.047,6271253.561,28892755.427,17811508.458,183899754.464,225787789.375,92405243.417,22621501.866,134293278.328,11540254.896
21162,0.198,89178803.629,5062104.958,27639119.709,16683164.061,172138012.797,223831862.91,82959209.169,22577014.751,134653059.281,11621059.103
21163,0.182,77048095.934,4220373.865,19828284.498,26657000.259,147678698.125,172137327.829,70630602.192,15607910.633,95089231.895,22436626.394
21164,0.195,92958555.357,5278721.407,27364147.674,18666976.287,181501391.926,224260730.315,88542836.569,22085426.267,131302174.957,13388254.881
21165,0.175,93072080.281,5883060.152,22039785.719,25072844.647,157852920.598,181423314.304,64780840.318,16156725.567,88351234.024,19189784.494
21166,0.178,83212502.516,3867767.194,22142262.971,26369874.193,159395390.09,198942655.865,76182887.574,18274495.776,115730153.348,22502106.999
21167,0.223,92252981.961,5088568.287,30505315.566,19223726.327,181428193.977,218356855.333,89175212.015,25416747.278,126103873.372,14135158.039
21168,0.219,84380353.83,5522628.829,28116898.362,19463159.487,190521656.938,249691923.597,106141303.108,22594269.534,165311569.767,13940530.659
21169,0.24,82572603.368,5799179.751,28807533.551,16509165.099,174326255.916,209542828.944,91753652.548,23008353.799,126970225.576,10709985.348
21170,0.224,96895461.301,7536809.023,18843391.624,21418033.247,209660620.061,256153103.479,112765158.76,11306582.6,159257642.178,13881224.223
21171,0.206,95333926.939,5401919.815,26342659.158,17255851.498,184394989.229,239074390.289,89061062.29,20940739.343,143740463.351,11853931.684
21172,0.225,85557759.708,5081686.203,30691587.414,18100738.024,178333716.405,240682486.64,92775956.698,25609901.212,155124726.933,13019051.822
21173,0.225,82738147.141,5283395.105,30613161.922,18917237.103,172238200.21,228819979.907,89500053.069,25329766.817,146081832.766,13633841.998
21174,0.205,94301490.66,5215197.371,16163792.17,14773781.851,202439897.599,256762192.527,108138406.939,10948594.799,162460701.867,9558584.48
21176,0.2,82772792.861,4697982.511,24885744.277,28376377.32,161136500.784,195270188.504,78363707.923,20187761.767,112497395.643,23678394.809
21177,0.216,82038145.461,6146473.365,14725362.557,18438596.821,175259386.164,209193211.893,93221240.702,8578889.192,127155066.432,12292123.455
21178,0.208,85857851.167,5512982.24,29325606.873,19024011.213,181487450.341,227797259.641,95629599.174,23812624.633,141939408.474,13511028.973
21179,0.221,84972478.934,5944720.484,26769001.334,17805234.621,167707499.956,209169637.069,82735021.022,20824280.85,124197158.135,11860514.138
21180,0.198,88962899.418,4003156.299,25879177.158,30034837.545,175748930.548,224861551.249,86786031.13,21876020.858,135898651.831,26031681.246
21181,0.203,91964181.784,5021704.408,26323396.006,18487606.2,176622081.596,216396984.02,84657899.812,21301691.599,124432802.236,13465901.792
21182,0.196,92289590.1,4537930.801,27404815.573,15377689.312,171196099.573,214473461.987,78906509.474,22866884.772,122183871.887,10839758.511
21183,0.192,117356299.465,7431278.657,24231919.431,22659245.82,225554712.505,285639634.574,108198413.04,16800640.774,168283335.109,15227967.163
21185,0.191,83473169.373,5288185.178,21709936.808,26878563.686,156434734.967,203593769.541,72961565.594,16421751.63,120120600.168,21590378.508
21186,0.187,82595727.783,5266096.52,22802218.34,28026825.057,153661269.055,201232522.064,71065541.272,17536121.82,118636794.282,22760728.537
21187,0.17,95431060.515,6015433.331,23241961.325,30810550.585,176218984.291,221711503.34,80787923.776,17226527.994,126280442.825,24795117.254
21188,0.19,84174475.076,4580839.491,22402714.455,27628107.696,158372696.066,202630204.614,74198220.99,17821874.964,118455729.538,23047268.206
21189,0.195,82169501.181,4861924.453,26736569.088,19506917.256,170857933.303,240973715.554,88688432.121,21874644.635,158804214.373,14644992.802
21190,0.2,82355022.681,4764912.464,23501175.113,30114800.403,160426116.36,207793217.796,78071093.679,18736262.649,125438195.116,25349887.938
21191,0.191,91474893.308,6904665.023,28084259.246,23663281.542,170451519.987,202386952.763,78976626.679,21179594.223,110912059.455,16758616.519
21193,0.203,111483456.492,7275591.83,12998194.035,18513429.351,207895347.61,232993458.737,96411891.119,5722602.205,121510002.245,11237837.521
21194,0.228,85226084.838,5758664.606,25564598.302,15965051.359,178274796.363,218346805.57,93048711.525,19805933.697,133120720.732,10206386.753
21195,0.221,88656943.326,5770039.315,16844972.247,19053148.665,181880749.904,235412501.419,93223806.578,11074932.932,146755558.093,13283109.35
21196,0.168,55310145.061,1977567.665,19720769.585,30221272.297,166428333.491,214732969.258,111118188.431,17743201.921,159422824.197,28243704.633
21197,0.191,98511517.245,5084024.319,25861805.815,26927771.605,179785867.594,226143969.676,81274350.349,20777781.496,127632452.431,21843747.286
21198,0.205,84058517.565,5795278.193,23857419.567,18900084.937,164639985.733,212978305.706,80581468.169,18062141.374,128919788.141,13104806.744
21199,0.167,92294257.054,5289290.738,21284474.251,24115987.961,146700319.645,177141188.349,54406062.591,15995183.514,84846931.294,18826697.224
21200,0.215,102084440.096,5358431.81,28206896.01,15455354.455,188739201.49,226230980.63,86654761.394,22848464.2,124146540.534,10096922.645
21201,0.225,85785199.861,6197101.194,17609418.448,17838327.241,196971846.726,246403048.016,111186646.865,11412317.255,160617848.155,11641226.047
21202,0.197,85148763.71,5111547.154,26119372.215,30687410.777,167358747.406,220461667.28,82209983.696,21007825.061,135312903.57,25575863.623
21203,0.194,92920304.252,5729925.474,28685808.165,18699089.12,172912630.705,231116247.423,79992326.453,22955882.692,138195943.171,12969163.646
21204,0.185,86555673.79,4112006.41,24437939.717,29284995.476,178701895.284,213455906.062,92146221.494,20325933.307,126900232.273,25172989.066
21205,0.161,78703970.637,4236222.894,19445461.244,11903493.171,160160544.203,201118823.807,81456573.567,15209238.349,122414853.171,7667270.277
21207,0.157,92729561.656,4526981.733,18461399.39,22785698.969,151987317.665,185224226.121,59257756.009,13934417.657,92494664.465,18258717.236
21208,0.163,92508588.521,4539462.501,19624606.8,24708938.66,155750020.945,188691425.859,63241432.424,15085144.3,96182837.338,20169476.16
21209,0.202,95374159.709,6132266.224,29395443.454,17713006.53,185282788.637,240198927.306,89908628.927,23263177.23,144824767.596,11580740.306
21210,0.182,80652872.179,4529006.378,23533556.726,27155758.894,171613025.661,213921083.86,90960153.482,19004550.348,133268211.681,22626752.516
21211,0.161,86439020.483,5109431.399,15599642.016,16330056.498,143575153.377,176703796.473,57136132.894,10490210.617,90264775.989,11220625.099
21212,0.178,76334722.367,4158028.823,18359970.77,18729455.072,151728368.505,162850729.547,75393646.137,14201941.948,86516007.18,14571426.249
21213,0.189,95080910.877,6446587.667,24133693.241,18778324.885,206179265.613,254026265.598,111098354.735,17687105.574,158945354.721,12331737.218
21214,0.202,85436431.813,8488235.249,28451470.863,17991315.386,166900250.086,234196199.044,81463818.273,19963235.614,148759767.23,9503080.138
21215,0.186,97043421.63,5694308.583,26408517.544,18582369.733,184352329.413,245848551.567,87308907.783,20714208.961,148805129.937,12888061.15
21216,0.179,101834279.5,7453580.685,18654186.796,20273385.043,165136307.014,192983953.024,63302027.513,11200606.11,91149673.523,12819804.358
21217,0.15,79819125.842,2023984.912,15044222.58,24104575.413,102233559.16,181389730.509,22414433.318,13020237.668,101570604.667,22080590.501
21219,0.139,113181499.899,5517289.07,17044303.392,20015374.052,161519252.611,190410362.927,48337752.712,11527014.322,77228863.028,14498084.982
21220,0.159,95817983.582,5720837.25,19122808.71,21891787.085,151715554.093,188024557.646,55897570.511,13401971.46,92206574.064,16170949.835
21221,0.156,98528581.016,4984847.04,18240549.113,20533089.188,154264547.659,190304225.069,55735966.643,13255702.073,91775644.053,15548242.147
21223,0.133,91803441.145,4799017.671,16781779.932,18829212.886,133645538.205,167625864.838,41842097.06,11982762.261,75822423.693,14030195.215
21224,0.164,121675396.841,5553836.304,17592187.152,20500342.22,184014808.247,246421102.955,62339411.406,12038350.848,124745706.114,14946505.915
21225,0.164,89454884.769,5061766.339,16669409.198,19938977.288,149880320.565,198905995.289,60425435.796,11607642.859,109451110.52,14877210.948
21226,0.185,88382594.167,4108318.664,20400421.485,22486825.265,140244321.124,168227137.843,51861726.957,16292102.821,79844543.675,18378506.602
21228,0.182,104486371.321,15743168.367,15946716.291,10238955.606,136891548.77,163220672.983,32405177.449,203547.925,58734301.661,-5504212.76
21229,0.182,79712158.797,3989979.726,21190169.959,25278127.257,150846075.469,193926621.286,71133916.673,17200190.233,114214462.489,21288147.53
21230,0.199,92824175.395,5031214.407,26548361.608,28490233.152,167218068.896,226941733.626,74393893.501,21517147.201,134117558.231,23459018.745
21231,0.204,100730724.116,5945008.728,19467253.168,20894481.854,209230946.817,277226021.668,108500222.701,13522244.44,176495297.552,14949473.126
21232,0.197,96984958.694,5832848.772,28714706.306,32134289.166,187873171.3,238927011.768,90888212.606,22881857.534,141942053.074,26301440.393
21233,0.21,84348883.42,6382761.113,30953215.988,28672434.149,167265565.207,203993452.906,82916681.787,24570454.875,119644569.486,22289673.035
21234,0.19,83300565.802,3480093.479,27769833.682,24256383.701,179220201.29,227201839.414,95919635.488,24289740.204,143901273.613,20776290.222
21235,0.17,95140872.927,5194068.51,19180492.823,20697414.991,167893873.79,205369733.229,72753000.864,13986424.313,110228860.302,15503346.481
21236,0.18,92031728.11,7083992.49,25710018.297,21378924.957,155750096.524,193084107.882,63718368.414,18626025.807,101052379.772,14294932.467
21237,0.153,113220932.534,8428200.09,17821770.548,24966806.49,149207732.778,204691796.376,35986800.243,9393570.458,91470863.841,16538606.4
21239,0.187,101717248.104,4211426.915,23107439.028,22966909.604,172717173.349,220920689.242,70999925.245,18896012.114,119203441.138,18755482.69
21240,0.175,99346240.166,5635276.284,23660469.299,26131743.2,181451858.55,238875931.262,82105618.384,18025193.015,139529691.096,20496466.916
21241,0.169,98821312.112,5564642.565,20832299.087,24370995.969,168117503.268,223810107.701,69296191.156,15267656.521,124988795.589,18806353.403
21242,0.125,123404736.477,5024861.479,13556287.877,17301650.162,158605075.395,195850159.484,35200338.918,8531426.398,72445423.007,12276788.683
21243,0.126,110724328.104,9591787.686,15841590.871,20780616.945,142353888.203,176484848.173,31629560.098,6249803.185,65760520.068,11188829.259
21245,0.161,97068131.818,5230086.636,17745111.261,21263591.314,151266040.348,180584682.555,54197908.53,12515024.624,83516550.736,16033504.678
21246,0.174,121190887.578,6306141.205,24941548.616,18067634.059,192897497.52,259871757.998,71706609.942,18635407.411,138680870.419,11761492.854
21247,0.129,128265777.742,5885412.668,17541820.923,23738824.098,183908122.022,228444566.363,55642344.28,11656408.255,100178788.621,17853411.429
21249,0.144,145556119.026,8596985.838,13413960.492,16630538.479,212025806.381,268409943.178,66469687.355,4816974.654,122853824.153,8033552.641
21250,0.16,87548540.915,6716109.17,15827932.389,16261864.898,123651166.489,140227450.694,36102625.574,9111823.219,52678909.779,9545755.729
21251,0.163,94215466.361,4526199.495,18622464.682,21967395.612,156568857.223,191282867.32,62353390.862,14096265.187,97067400.959,17441196.117
21254,0.175,110388129.718,6323159.963,26993488.676,23409445.996,197990941.797,228964214.361,87602812.079,20670328.713,118576084.643,17086286.033
21255,0.188,104775174.672,3827350.34,12742104.402,20287856.29,222448479.898,292016961.434,117673305.226,8914754.063,187241786.761,16460505.951
21256,0.175,107938184.859,6100714.054,22588989.897,20085752.349,197526400.832,244595205.431,89588215.973,16488275.843,136657020.571,13985038.294
21257,0.185,125693027.113,6639828.933,18930682.509,22732837.715,232262098.069,293943622.08,106569070.956,12290853.576,168250594.968,16093008.783
21258,0.181,112149127.001,8306279.347,28297380.905,20970476.568,204758504.372,266799671.873,92609377.371,19991101.558,154650544.872,12664197.221
21259,0.18,99592491.362,4819440.532,24011962.812,28288506.245,186686750.512,239093696.135,87094259.15,19192522.28,139501204.772,23469065.713
21260,0.182,92357154.932,4831687.086,22004478.58,29249377.054,176608993.875,226155966.826,84251838.942,17172791.495,133798811.894,24417689.969
21261,0.198,92180754.88,5082500.672,27491097.681,17439020.364,189117467.624,240128952.051,96936712.744,22408597.01,147948197.17,12356519.692
21262,0.199,104162233.354,5706125.254,16230597.077,23554221.545,211340100.694,281154215.519,107177867.34,10524471.823,176991982.165,17848096.292
21263,0.169,99472925.691,6515055.551,21434093.14,25259623.891,161208798.092,210402732,61735872.401,14919037.589,110929806.309,18744568.34
21265,0.188,105765427.258,4578734.916,21689978.43,21032824.563,217220249.412,279905960.316,111454822.154,17111243.514,174140533.058,16454089.646
21266,0.177,96479860.856,6728423.619,21099980.187,27257581.543,165753475.327,203289197.731,69273614.471,14371556.568,106809336.876,20529157.925
21267,0.184,96397702.603,4509869.722,25644510.545,28933871.606,178548921.414,219996010.997,82151218.81,21134640.823,123598308.393,24424001.884
21268,0.198,88571232.205,5051410.927,26757065.096,17283893.635,181760730.226,243597561.041,93189498.021,21705654.168,155026328.836,12232482.708
21269,0.182,81137578.351,4020942.934,21758001.604,26055334.019,159837833.513,200755220.946,78700255.162,17737058.67,119617642.596,22034391.085
21270,0.197,89561360.107,3727565.283,26015725.045,23212919.211,175393725.417,226226206.297,85832365.31,22288159.762,136664846.191,19485353.928
21271,0.192,91370818.084,5971148.605,28405848.754,23873757.315,173892119.804,220791217.187,82521301.72,22434700.149,129420399.103,17902608.71
21272,0.19,92553144.305,4821026.37,26938881.456,28181148.257,176834201.401,238513917.308,84281057.096,22117855.086,145960773.003,23360121.887
21273,0.189,86597442.288,4495590.176,24529477.868,18273273.65,170658083.777,217829626.973,84060641.489,20033887.692,131232184.686,13777683.473
21274,0.179,91207162.143,4274438.138,17036702.128,20203799.606,164118968.46,242257346.358,72911806.318,12762263.989,151050184.215,15929361.467
21275,0.168,112144541.059,6486959.552,27260890.597,28273824.951,203587156.753,258881739.607,91442615.694,20773931.046,146737198.548,21786865.399
21276,0.156,77808712.81,4526632.574,15525453.272,19834080.334,131975853.189,167476143.448,54167140.379,10998820.698,89667430.638,15307447.76
21277,0.169,94049829.003,6537667.812,20595817.916,26381604.631,158919920.435,220964212.719,64870091.432,14058150.104,126914383.716,19843936.819
21278,0.162,100076037.314,6390315.954,23448567.783,28272348.798,171879696.976,223553738.613,71803659.662,17058251.829,123477701.299,21882032.844
21279,0.153,80146967.61,5209017.073,17400898.768,20363656.251,146718989.846,197378397.802,66572022.236,12191881.695,117231430.192,15154639.178
21280,0.171,92354550.639,4294406.633,22463409.907,26727234.367,158107363.472,238075063.768,65752812.833,18169003.274,145720513.129,22432827.733
21281,0.167,103979731.136,6059473.084,27193708.923,29300245.214,185869679.31,249232925.34,81889948.174,21134235.839,145253194.205,23240772.129
21282,0.188,87868352.188,5264442.578,25598241.345,20722839.476,153281030.373,213095456.851,65412678.186,20333798.767,125227104.664,15458396.898
21283,0.165,102221128.864,4883203.764,25757711.555,28462094.667,185629740.198,259000292.369,83408611.334,20874507.791,156779163.505,23578890.903
21284,0.18,88156342.105,7591360.977,21428021.367,22151756.585,162197798.555,250130599.417,74041456.45,13836660.39,161974257.312,14560395.608
21285,0.153,94737056.432,4630301.916,20763895.665,23718831.967,172635544.193,223579762.362,77898487.761,16133593.749,128842705.93,19088530.051
21286,0.145,83988507.152,4959257.672,13856264.676,16826770.987,137334561.173,167293482.96,53346054.022,8897007.004,83304975.808,11867513.315
21287,0.177,121157087.986,6847837.287,26354807.473,29691553.443,211013313.634,271395949.239,89856225.648,19506970.186,150238861.254,22843716.156
21288,0.155,85119230.431,4639152.146,19149169.804,19743838.456,162701063.929,199757220.956,77581833.498,14510017.658,114637990.525,15104686.31
21289,0.17,89638689.232,5564375.49,23064075.005,25749145.333,172217838.397,216874005.881,82579149.165,17499699.515,127235316.649,20184769.843
21290,0.137,92074900.712,3507771.242,17559129.425,17835526.725,162950843.198,216403322.276,70875942.487,14051358.183,124328421.564,14327755.483
21291,0.153,126564843.53,5913624.649,18261875.523,21406744.403,190739193.241,252129187.738,64174349.711,12348250.874,125564344.208,15493119.754
21292,0.157,125253030.689,7068725.669,19212321.165,22717269.768,190992503.11,231559177.032,65739472.421,12143595.496,106306146.342,15648544.099
21293,0.18,88037000.459,5364069.005,21587359.203,26677328.015,160438243.41,203464724.706,72401242.951,16223290.198,115427724.247,21313259.01
21294,0.183,128329454.323,6160535.483,28608669.626,24327298.801,232579221.999,299237398.744,104249767.675,22448134.143,170907944.421,18166763.319
21295,0.122,110989958.827,3663671.358,12444535.451,16983176.299,149602915.337,191090960.887,38612956.511,8780864.092,80101002.06,13319504.941
21297,0.144,126380297.503,8080603.642,19530742.227,23996139.112,164927880.878,201235758.276,38547583.376,11450138.585,74855460.774,15915535.471
21299,0.174,114377073.009,5720124.335,24786731.812,22458809.671,205776377.167,273694734.86,91399304.157,19066607.477,159317661.85,16738685.336
21300,0.144,115375017.16,6518596.882,16957810.708,18027066.145,160689819.442,205261973.008,45314802.282,10439213.826,89886955.848,11508469.263
21301,0.164,158403775.527,7156334.098,23033643.213,28063029.253,237915662.286,302351436.871,79511886.758,15877309.114,143947661.344,20906695.154
21302,0.154,148053579.498,6318620.817,22192212.653,25373721.367,222518743.642,288276490.923,74465164.144,15873591.836,140222911.425,19055100.55
21303,0.165,126252195.31,5976790.49,22347293.678,27841131.721,211451272.852,282140285.73,85199077.542,16370503.187,155888090.42,21864341.231
21304,0.15,150498742.936,6821614.575,20140652.66,25770444.699,219877468.745,276900321.928,69378725.808,13319038.084,126401578.991,18948830.124
21305,0.134,121872789.869,5003157.706,16679097.401,20789134.795,190672320.573,242320637.176,68799530.704,11675939.695,120447847.307,15785977.089
21306,0.171,149641253.357,7442885.266,26014700.586,21518689.188,245135960.215,307877285.371,95494706.858,18571815.32,158236032.014,14075803.922
21308,0.155,94858663.047,4804852.932,18682653.304,21387650.404,167982720.429,217820493.947,73124057.382,13877800.372,122961830.9,16582797.472
21309,0.162,95553845.065,4079617.405,19272709.291,21466260.422,163722435.396,197459852.7,68168590.331,15193091.885,101906007.634,17386643.017
21310,0.15,102411545.667,5047770.175,17705116.738,21988188.974,160409757.274,188304302.068,57998211.606,12657346.563,85892756.401,16940418.798
21311,0.126,112431795.834,7250033.236,15347509.088,16727400.678,130609119.564,150996853.122,18177323.73,8097475.852,38565057.288,9477367.442
21312,0.147,105789495.029,4239632.23,15965201.7,19185026.185,162978939.913,205330383.09,57189444.885,11725569.47,99540888.061,14945393.955
21313,0.177,89661218.122,2201918.639,23200188.175,29350182.595,185531722.842,237660263.933,95870504.721,20998269.536,147999045.811,27148263.956
21314,0.16,119268042.481,5731488.453,21701174.493,26217509.577,202247335.385,242702922.697,82979292.904,15969686.039,123434880.216,20486021.123
21316,0.141,104013170.312,3669830.032,16778165.92,19989939.232,161103985.798,206443078.502,57090815.487,13108335.888,102429908.191,16320109.2
21317,0.125,110191443.376,5000493.202,16796008.779,19804673.326,172069704.647,195442758.171,61878261.271,11795515.577,85251314.795,14804180.124
21318,0.126,117290012.07,4852658.82,17084383.18,19450233.12,201619497.363,237849271.579,84329485.293,12231724.361,120559259.509,14597574.3
21319,0.199,94351924.04,5117275.352,23789244.551,17714126.267,181530285.157,221026605.848,87178361.118,18671969.199,126674681.808,12596850.916
21320,0.159,103773886.151,6730513.904,17673364.441,21662532.186,181221367.483,174655915.536,77447481.331,10942850.537,70882029.385,14932018.282
21321,0.196,92361385.844,4873550.422,25557232.278,27528895.765,186182568.643,223223596.519,93821182.798,20683681.856,130862210.674,22655345.343
21322,0.192,93609632.081,4500715.602,23518212.006,26646443.316,179643810.991,212871974.405,86034178.91,19017496.404,119262342.324,22145727.714
21323,0.2,90934805.531,5314512.858,26799089.621,19037845.659,184437057.399,226665210.434,93502251.868,21484576.763,135730404.903,13723332.801
21324,0.197,95283691.297,6067113.057,26371255.954,25617708.929,189354181.593,214184300.899,94070490.296,20304142.897,118900609.602,19550595.873
21325,0.184,95444555.217,5100220.023,21237190.696,26636383.885,173587953.298,205006688.85,78143398.081,16136970.672,109562133.633,21536163.861
21326,0.183,93602196.141,3249377.21,24988653.493,27251554.71,176671951.833,200853139.132,83069755.691,21739276.283,107250942.991,24002177.5
21327,0.196,82869986.546,4427771.684,22629188.946,28535199.869,174962053.268,199479398.688,92092066.722,18201417.262,116609412.142,24107428.185
21328,0.145,90316352.933,3774754.309,15116084.8,21173661.014,139714460.294,163958738.955,49398107.362,11341330.491,73642386.023,17398906.705
21329,0.153,128842132.625,5408451.165,24746126.809,23685958.223,225683542.108,281057689.088,96841409.483,19337675.644,152215556.463,18277507.057
21330,0.153,121012835.733,5933306.474,19649274.481,23537367.053,191326505.902,240352574.945,70313670.169,13715968.006,119339739.212,17604060.578
21331,0.14,110146891.724,5361484.804,15118226.452,21429292.555,166681306.373,213907209.514,56534414.649,9756741.648,103760317.79,16067807.75
21332,0.16,99568421.766,4643854.605,17727332.674,20866859.729,152858605.458,187513359.358,53290183.692,13083478.069,87944937.591,16223005.124
21333,0.127,109784559.362,4213318.39,12739833.237,16611286.983,161250171.714,203093631.584,51465612.352,8526514.847,93309072.222,12397968.593
21334,0.127,103072319.768,3775144.782,12737038.252,17609333.189,151714551.884,177548123.898,48642232.116,8961893.47,74475804.13,13834188.407
21335,0.123,106418731.473,5200758.528,15244964.429,17755713.108,166154527.973,192396529.565,59735796.501,10044205.901,85977798.092,12554954.58
21336,0.147,107843033.341,6947937.254,18642340.389,22817706.919,146532292.905,180819168.833,38689259.564,11694403.135,72976135.491,15869769.665
21337,0.133,111199895.999,3817789.525,13864932.813,19636022.965,172779681.113,205941429.666,61579785.114,10047143.288,94741533.667,15818233.44
21338,0.14,92363514.458,5720858.463,16865124.998,19039216.77,146353737.1,172783741.341,53990222.642,11144266.536,80420226.882,13318358.307
21339,0.159,120488970.238,4927122.382,22430644.08,27020805.003,186671629.013,237809437.084,66182658.776,17503521.698,117320466.847,22093682.621
21340,0.174,97497931.304,5803776.658,26020715.412,29456565.166,180853098.136,217031317.192,83355166.832,20216938.754,119533385.888,23652788.508
21341,0.195,83732281.353,5206764.767,25443082.946,30439163.984,160528598.977,203677042.756,76796317.624,20236318.179,119944761.403,25232399.217
21342,0.164,97469254.925,4921159.271,22840927.369,24746039.635,169674705.302,214631597.258,72205450.377,17919768.098,117162342.333,19824880.365
21343,0.174,90239721.403,11035178.689,22552904.965,25728819.961,149996870.493,201704102.517,59757149.091,11517726.276,111464381.114,14693641.272
21344,0.217,92902525.788,6793628.891,18510235.347,21771743.161,194905799.398,255258401.598,102003273.61,11716606.456,162355875.81,14978114.27
21345,0.172,122432016.466,7779319.903,26670638.569,18438202.724,201599667.614,256483136.558,79167651.148,18891318.666,134051120.093,10658882.821
21346,0.22,84613847.371,6709569.438,29959206.636,17701573.368,168910534.029,221541661.612,84296686.659,23249637.197,136927814.241,10992003.929
21347,0.155,104168462.39,3908244.197,22605535.441,25462128.056,190239902.516,227098909.904,86071440.126,18697291.244,122930447.515,21553883.859
21348,0.169,92303304.072,8197344.14,20109626.83,23156297.309,153338671.978,173361609.309,61035367.906,11912282.689,81058305.237,14958953.168
21349,0.188,100325348.04,5405290.404,19247440.305,23297975.676,188292610.377,226501317.511,87967262.337,13842149.901,126175969.47,17892685.273
21350,0.208,86036234.981,5334952.303,18302918.494,18391187.336,176826291.704,212057792.028,90790056.724,12967966.191,126021557.048,13056235.033
21351,0.177,91560391.427,6081132.286,21767276.529,24878818.507,164573050.527,199619802.659,73012659.1,15686144.242,108059411.233,18797686.221
21352,0.212,92215102.396,6774259.68,18543879.108,17858921.332,183358593.946,224204848.793,91143491.55,11769619.428,131989746.397,11084661.652
21353,0.167,104942149.714,5235468.546,21791854.34,23808191.853,181039752.898,216879719.145,76097603.184,16556385.793,111937569.431,18572723.307
21355,0.17,131517436.849,6700680.564,26298601.814,20596479.721,221719440.493,282505090.651,90202003.644,19597921.25,150987653.802,13895799.157
21356,0.15,111142286.586,6587651.966,16924351.427,16030090.098,160754315.818,196815856.945,49612029.232,10336699.461,85673570.359,9442438.132
21357,0.162,136789980.532,6162151.661,15332096.363,17312918.908,190636169.972,229009316.599,53846189.44,9169944.702,92219336.067,11150767.247
21358,0.155,130219256.706,6211330.145,17564159.138,19960050.755,199465128.159,247989178.163,69245871.453,11352828.994,117769921.456,13748720.611
21359,0.124,157973276.705,8744737.285,22146896.086,26327947.267,229501183.593,274640516.759,71527906.888,13402158.802,116667240.054,17583209.982
21360,0.174,136695287.151,6784199.025,21796497.535,23571255.285,257785824.999,332866612.085,121090537.848,15012298.51,196171324.934,16787056.26
21361,0.157,115313992.702,6245842.024,18950387.581,23766202.377,174693196.293,224269370.127,59379203.592,12704545.557,108955377.425,17520360.353
21362,0.155,116949165.758,5146655.284,17204288.034,20547485.198,175853707.287,224644940.801,58904541.529,12057632.75,107695775.043,15400829.914
21363,0.172,141188037.459,9082373.185,22178706.39,18064551.63,220830317.028,247497260.675,79642279.568,13096333.204,106309223.215,8982178.445
21365,0.166,165453694.842,7239488.63,23300727.119,18694668.034,236698390.711,296481441.859,71244695.868,16061238.489,131027747.017,11455179.404
21366,0.169,167440065.094,6747072.113,23606459.974,23061651.611,245863698.445,295013362.754,78423633.352,16859387.861,127573297.661,16314579.498
21368,0.166,106177433.152,6057855.417,21744395.329,25171396.186,178928601.884,214399013.1,72751168.731,15686539.912,108221579.948,19113540.77
21369,0.163,152329916.73,7866505.953,22742310.593,22534582.222,227462523.811,277239590.125,75132607.081,14875804.64,124909673.395,14668076.269
21370,0.15,112482229.939,6390911.123,19455011.49,22646192.819,173052975.376,222670506.671,60570745.437,13064100.367,110188276.732,16255281.696
21371,0.158,93801148.364,5693269.973,17958258.287,20924386.319,147288278.522,187148607.168,53487130.158,12264988.314,93347458.804,15231116.346
21372,0.145,91652157.327,4895916.169,14241688.298,18856189.694,145611476.229,179911539.537,53959318.902,9345772.129,88259382.21,13960273.525
21373,0.186,97720587.139,6041293.297,27253294.969,25807624.935,183773269.363,242100187.197,86052682.224,21212001.671,144379600.058,19766331.638
21374,0.163,100981652.931,5454219.248,22652976.492,28296250.436,185546575.478,243035200.705,84564922.546,17198757.244,142053547.774,22842031.187
21375,0.167,91783210.639,6389648.912,19122463.923,22577788.645,140036298.088,189326286.035,48253087.45,12732815.012,97543075.396,16188139.733
21376,0.178,122534776.013,5458391.071,24197500.427,28720163.261,207920349.692,281509130.034,85385573.679,18739109.356,158974354.021,23261772.191
21377,0.159,64980407.972,3951414.662,16627541.982,18184314.003,118662460.768,147322152.451,53682052.796,12676127.32,82341744.479,14232899.34
21378,0.166,50595800.916,4435797.877,20934844.331,21081513.899,117242129.391,125492687.797,66646328.475,16499046.454,74896886.88,16645716.023
21379,0.145,80459502.58,4651438.4,17261800.89,19603177.308,144653288.003,180469860.619,64193785.423,12610362.489,100010358.039,14951738.908
21380,0.17,73872813.664,5560437.432,18810421.961,20330979.74,133571817.148,165199342.013,59699003.484,13249984.529,91326528.349,14770542.308
21381,0.207,92287264.929,6989212.785,31817333.13,21458704.046,193370875.315,248515252.945,101083610.386,24828120.346,156227988.016,14469491.261
21382,0.187,82687756.497,5942164.949,25502869.913,29945581.159,169283313.873,216119097.591,86595557.376,19560704.964,133431341.094,24003416.21
21383,0.156,51310790.059,4020756.944,17246729.563,16598671.797,105767124.221,117213420.928,54456334.162,13225972.619,65902630.87,12577914.854
21384,0.139,66435912.256,4295773.622,15047795.937,16666065.248,109959452.29,145245724.032,43523540.035,10752022.314,78809811.776,12370291.626
21385,0.159,86149035.166,5203662.4,19720125.864,22941633.79,154641872.106,202498498.562,68492836.94,14516463.464,116349463.396,17737971.389
21424,0.194,88705436.367,5000473.17,24394522.568,27796330.116,175745301.579,223397717.073,87039865.213,19394049.398,134692280.706,22795856.946
21425,0.183,85500647.414,5410967.6,22761812.461,27312315.101,159376540.015,198569727.392,73875892.6,17350844.861,113069079.977,21901347.501
21426,0.196,96470329.767,5189350.975,21325519.428,17106514.017,187773287.994,252685298.708,91302958.227,16136168.453,156214968.941,11917163.042
21427,0.194,91968239.109,5148299.372,24170123.607,31549541.712,170900868.213,232731682.038,78932629.104,19021824.235,140763442.928,26401242.34
21428,0.17,89479453.435,3409854.817,24957568.465,20436908.664,158818851.728,185879514.422,69339398.293,21547713.648,96400060.987,17027053.847
21429,0.181,87309547.512,5305725.3,30374031.534,16255201.67,168859040.542,208343214.732,81549493.029,25068306.234,121033667.22,10949476.37
21430,0.176,128709987.313,5991458.59,28742963.726,20915859.488,231751893.769,301355032.037,103041906.456,22751505.136,172645044.725,14924400.898
21431,0.145,115931444.643,5486756.863,17854375.071,20740278.209,180359964.289,224330758.561,64428519.646,12367618.208,108399313.918,15253521.346
21432,0.143,102775286.884,5618869.854,16488836.521,16568275.46,136174361.496,158133689.242,33399074.612,10869966.666,55358402.359,10949405.606
21433,0.156,137023700.906,6004680.915,21988375.758,25884779.79,200457131.965,246835643.902,63433431.06,15983694.843,109811942.996,19880098.875
21434,0.17,144894446.29,6202032.415,23515422.848,27672415.069,218666017.406,281283361.698,73771571.116,17313390.434,136388915.408,21470382.654
21435,0.171,129130651.795,5038410.581,21022776.611,19205371.677,220816844.88,293494748.638,91686193.085,15984366.03,164364096.843,14166961.096
21436,0.163,117353307.478,5958061.802,22730174.15,21905348.811,195617734.816,228536425.42,78264427.338,16772112.348,111183117.941,15947287.009
21437,0.161,151918669.482,6406051.559,20608349.747,27707812.83,218634205.503,285379155.781,66715536.021,14202298.188,133460486.299,21301761.27
21438,0.158,103200199.423,4175935.45,20835807.989,24966604.528,166631292.877,209188843.011,63431093.454,16659872.54,105988643.588,20790669.078
21439,0.202,112343740.534,6143003.247,27611365.318,20646777.912,209274016.236,264807604.7,96930275.702,21468362.071,152463864.166,14503774.665
21440,0.163,92864577.194,6322554.342,21789123.409,25492238.13,148815146.028,195788611.702,55950568.834,15466569.067,102924034.508,19169683.787
21441,0.145,114810904.506,4255443.044,17833776.069,18184963.782,166960027.669,220517239.354,52149123.163,13578333.025,105706334.848,13929520.737
21442,0.159,146098605.889,6357266.158,23267309.133,28421465.231,232522989.644,293591117.924,86424383.754,16910042.975,147492512.035,22064199.072
21443,0.151,139133333.195,6975379.181,20848206.752,25788408.525,208932737.171,265972742.59,69799403.977,13872827.571,126839409.395,18813029.344
21444,0.16,158732902.838,7354585.816,23714975.363,26361914.457,234262793.688,296413876.37,75529890.85,16360389.547,137680973.532,19007328.641
21445,0.171,165982613.479,7619480.79,21445920.118,26104565.291,222028698.841,285907635.161,56046085.362,13826439.328,119925021.682,18485084.501
21446,0.166,93768813.083,4988049.867,20066040.67,23883733.044,166506606.565,208370132.567,72737793.481,15077990.803,114601319.483,18895683.177
21447,0.17,89180546.774,4365049.69,16588577.739,22090847.158,143975271.723,200023121.474,54794724.948,12223528.048,110842574.7,17725797.468
21448,0.169,91916742.577,4592516.221,20407234.602,25696462.161,165002984.556,223333756.048,73086241.979,15814718.38,131417013.472,21103945.94
21449,0.173,88040622.96,3232136.777,24280855.395,27839664.725,175663694.963,232441595.587,87623072.003,21048718.618,144400972.627,24607527.948
21450,0.168,95055982.787,4408730.124,17623674.789,25423065.795,177438551.221,208390530.138,82382568.434,13214944.665,113334547.35,21014335.671
21451,0.178,106376791.975,6690927.474,26998114.361,24158505.561,187193817.788,224701202.794,80817025.813,20307186.887,118324410.819,17467578.088
21452,0.176,100181530.091,10910513.715,18871244.027,29697586.584,166398237.154,213329055.827,66216707.063,7960730.313,113147525.736,18787072.869
21453,0.162,102013925.889,4142737.25,19097171.845,24334910.837,170977711.807,226394377.969,68963785.918,14954434.596,124380452.079,20192173.587
21454,0.161,102734339.568,3913313.063,17666470.296,22243559.378,168521146.535,212309940.695,65786806.968,13753157.233,109575601.127,18330246.315
21455,0.16,117233982.749,6022321.381,21231523.166,26041884.637,194779467.317,250085988.947,77545484.568,15209201.785,132852006.198,20019563.255
21456,0.148,112939009.392,4432071.959,17195283.659,19034518.29,170749035.702,210057271.436,57810026.311,12763211.7,97118262.045,14602446.331
21457,0.168,122055994.667,7047411.94,26976183.008,22145673.719,228357409.084,309430320.962,106301414.417,19928771.067,187374326.295,15098261.779
21458,0.155,135391596.901,5680786.438,23459210.02,26965862.638,232686151.022,304644398.781,97294554.121,17778423.582,169252801.879,21285076.2
21459,0.14,105762504.398,3894635.977,14650668.486,16004547.198,166900810.702,176295595.997,61138306.304,10756032.509,70533091.599,12109911.221
21460,0.132,109409939.495,4766377.314,16655579.925,18969483.417,176949427.115,206067994.629,67539487.62,11889202.611,96658055.134,14203106.103
21461,0.146,131294065.081,6134287.208,19202268.24,23379926.547,211530232.864,248424977.832,80236167.784,13067981.033,117130912.751,17245639.34
21462,0.166,155878897.731,5662793.245,22690663.4,22745604.263,250418878.641,313157436.985,94539980.91,17027870.155,157278539.254,17082811.017
21463,0.177,125086807.553,6291068.325,25645540.598,21377471.041,208879459.277,278437641.515,83792651.725,19354472.273,153350833.963,15086402.716
21464,0.202,148344047.372,8869344.684,18652979.788,23553260.224,266780685.717,323730546.356,118436638.346,9783635.104,175386498.984,14683915.54
21465,0.194,143021106.343,7845408.745,18132174.074,21780679.575,249496506.576,307545614.478,106475400.233,10286765.33,164524508.136,13935270.83
21466,0.202,152742498.66,7585337.182,21358513.071,18231508.981,274157770.211,337130524.829,121415271.552,13773175.889,184388026.169,10646171.799
21467,0.15,114740237.016,5908290.385,16765389.864,20221112.739,163934646.588,205970122.562,49194409.572,10857099.479,91229885.546,14312822.354
21468,0.161,117757954.807,5559185.539,19713745.915,22001617.559,188205246.615,231064938.675,70447291.808,14154560.376,113306983.868,16442432.02
